Crew No,Route Number,Bus Schedule Number,Schedule number,Trip Number,TRIP ID,Origin Point,Orig,Destination Point,Dest,Start Time,End Time,TRAVEL TIME,DISTANCE,Trip Type,Direction,Depot
1,Airport Ex-4,Airport Ex-4/1,Airport Ex-4/1,1,Airport Ex-4/1/1,DEPOT-TMS(-)SPL,DEPOT,KASHMIRI GATE(ISBT),KASH GATE,04:20:00,04:35:00,00:15:00,5.4,NON-REVENUE,SHUTTLE,Rajghat
1,Airport Ex-4,Airport Ex-4/1,Airport Ex-4/1,2,Airport Ex-4/1/2,KASHMIRI GATE(ISBT)/R729B(SPL),KASH GATE,IGI T-3,IGI T3,04:40:00,06:50:00,02:10:00,33.4,REVENUE,D1,Rajghat
1,Airport Ex-4,Airport Ex-4/1,Airport Ex-4/1,3,Airport Ex-4/1/3,IGI T-3,IGI T3,DOMESTIC AIRPORT T-1,IGI T1,07:00:00,07:15:00,00:15:00,9.3,REVENUE,D3,Rajghat
1,Airport Ex-4,Airport Ex-4/1,Airport Ex-4/1,4,Airport Ex-4/1/4,DOMESTIC AIRPORT T-1 (SPL),IGI T1,IGI T-3 (REST)    07:35-8:10,IGI T3,07:20:00,07:35:00,00:15:00,8.9,REVENUE,D2,Rajghat
1,Airport Ex-4,Airport Ex-4/1,Airport Ex-4/1,5,Airport Ex-4/1/5,IGI T-3 R-AIRPORT EXP.4,IGI T3,KASHMIRI GATE(ISBT),KASH GATE,08:10:00,10:20:00,02:10:00,36,REVENUE,D4,Rajghat
1,Airport Ex-4,Airport Ex-4/1,Airport Ex-4/1,6,Airport Ex-4/1/6,KASHMIRI(ISBT),KASH GATE,DEPOT T-TMS (+) SPL,DEPOT,10:25:00,11:00:00,00:35:00,7.9,NON-REVENUE,SHUTTLE,Rajghat
1,Airport Ex-4,Airport Ex-4/2,Airport Ex-4/2,1,Airport Ex-4/2/1,DEPOT-TMS(-)SPL,DEPOT,KASHMIRI GATE(ISBT),KASH GATE,05:00:00,05:15:00,00:15:00,5.4,NON-REVENUE,SHUTTLE,Rajghat
1,Airport Ex-4,Airport Ex-4/2,Airport Ex-4/2,2,Airport Ex-4/2/2,KASHMIRI GATE(ISBT)/R729B(SPL),KASH GATE,IGI T-3,IGI T3,05:20:00,07:30:00,02:10:00,33.4,REVENUE,D1,Rajghat
1,Airport Ex-4,Airport Ex-4/2,Airport Ex-4/2,3,Airport Ex-4/2/3,IGI T-3,IGI T3,DOMESTIC AIRPORT T-1,IGI T1,07:40:00,07:55:00,00:15:00,9.3,REVENUE,D3,Rajghat
1,Airport Ex-4,Airport Ex-4/2,Airport Ex-4/2,4,Airport Ex-4/2/4,DOMESTIC AIRPORT T-1 (SPL),IGI T1,         IGI T-3 (REST)           08:15-8:50,IGI T3,08:00:00,08:15:00,00:15:00,8.9,REVENUE,D2,Rajghat
1,Airport Ex-4,Airport Ex-4/2,Airport Ex-4/2,5,Airport Ex-4/2/5,IGI T-3 R-AIRPORT EXP.4,IGI T3,KASHMIRI GATE(ISBT),KASH GATE,08:50:00,11:00:00,02:10:00,36,REVENUE,D4,Rajghat
1,Airport Ex-4,Airport Ex-4/2,Airport Ex-4/2,6,Airport Ex-4/2/6,KASHMIRI(ISBT),KASH GATE,DEPOT T-TMS (+) SPL,DEPOT,11:05:00,11:40:00,00:35:00,7.9,NON-REVENUE,SHUTTLE,Rajghat
1,Airport Ex-4,Airport Ex-4/3,Airport Ex-4/3,1,Airport Ex-4/3/1,DEPOT-TMS(-)SPL,DEPOT,KASHMIRI GATE(ISBT),KASH GATE,05:20:00,05:25:00,00:05:00,5.4,NON-REVENUE,SHUTTLE,Rajghat
1,Airport Ex-4,Airport Ex-4/3,Airport Ex-4/3,2,Airport Ex-4/3/2,KASHMIRI GATE(ISBT)/R729B (SPL),KASH GATE,IGI T-3,IGI T3,05:40:00,07:50:00,02:10:00,33.4,REVENUE,D1,Rajghat
1,Airport Ex-4,Airport Ex-4/3,Airport Ex-4/3,3,Airport Ex-4/3/3,IGI T-3,IGI T3,DOMESTIC AIRPORT T-1,IGI T1,08:00:00,08:15:00,00:15:00,9.3,REVENUE,D3,Rajghat
1,Airport Ex-4,Airport Ex-4/3,Airport Ex-4/3,4,Airport Ex-4/3/4,DOMESTIC AIRPORT T-1 (SPL),IGI T1, IGI T-3 (REST)    08:35-9:10,IGI T3,08:20:00,08:35:00,00:15:00,8.9,REVENUE,D2,Rajghat
1,Airport Ex-4,Airport Ex-4/3,Airport Ex-4/3,5,Airport Ex-4/3/5,IGI T-3 R-AIRPORT EXP.4,IGI T3,KASHMIRI GATE(ISBT),KASH GATE,09:10:00,11:20:00,02:10:00,36,REVENUE,D4,Rajghat
1,Airport Ex-4,Airport Ex-4/3,Airport Ex-4/3,6,Airport Ex-4/3/6,KASHMIRI(ISBT),KASH GATE,DEPOT T-TMS (+) SPL,DEPOT,11:25:00,12:00:00,00:35:00,7.9,NON-REVENUE,SHUTTLE,Rajghat
1,Airport Ex-4,Airport Ex-4/4,Airport Ex-4/4,1,Airport Ex-4/4/1,DEPOT-TMS(-)SPL,DEPOT,KASHMIRI GATE(ISBT),KASH GATE,05:40:00,05:55:00,00:15:00,5.4,NON-REVENUE,SHUTTLE,Rajghat
1,Airport Ex-4,Airport Ex-4/4,Airport Ex-4/4,2,Airport Ex-4/4/2,KASHMIRI GATE(ISBT)/R729B(SPL),KASH GATE,IGI T-3,IGI T3,06:00:00,08:10:00,02:10:00,33.4,REVENUE,D1,Rajghat
1,Airport Ex-4,Airport Ex-4/4,Airport Ex-4/4,3,Airport Ex-4/4/3,IGI T-3,IGI T3,DOMESTIC AIRPORT T-1,IGI T1,08:20:00,08:35:00,00:15:00,9.3,REVENUE,D3,Rajghat
1,Airport Ex-4,Airport Ex-4/4,Airport Ex-4/4,4,Airport Ex-4/4/4,DOMESTIC AIRPORT T-1 (SPL),IGI T1,IGI T-3 (REST)    08:55-09:30,IGI T3,08:40:00,08:55:00,00:15:00,8.9,REVENUE,D2,Rajghat
1,Airport Ex-4,Airport Ex-4/4,Airport Ex-4/4,5,Airport Ex-4/4/5,IGI T-3 R-AIRPORT EXP.4,IGI T3,KASHMIRI GATE(ISBT),KASH GATE,09:30:00,11:40:00,02:10:00,36,REVENUE,D4,Rajghat
1,Airport Ex-4,Airport Ex-4/4,Airport Ex-4/4,6,Airport Ex-4/4/6,KASHMIRI(ISBT),KASH GATE,DEPOT T-TMS (+) SPL,DEPOT,11:45:00,12:20:00,00:35:00,7.9,NON-REVENUE,SHUTTLE,Rajghat
1,Airport Ex-4,Airport Ex-4/5,Airport Ex-4/5,1,Airport Ex-4/5/1,DEPOT-TMS(-)SPL,DEPOT,KASHMIRI GATE(ISBT),KASH GATE,06:00:00,06:15:00,00:15:00,5.4,NON-REVENUE,SHUTTLE,Rajghat
1,Airport Ex-4,Airport Ex-4/5,Airport Ex-4/5,2,Airport Ex-4/5/2,KASHMIRI GATE(ISBT)/R729B (SPL),KASH GATE,IGI T-3,IGI T3,06:20:00,08:30:00,02:10:00,33.4,REVENUE,D1,Rajghat
1,Airport Ex-4,Airport Ex-4/5,Airport Ex-4/5,3,Airport Ex-4/5/3,IGI T-3,IGI T3,DOMESTIC AIRPORT T-1,IGI T1,08:40:00,08:55:00,00:15:00,9.3,REVENUE,D3,Rajghat
1,Airport Ex-4,Airport Ex-4/5,Airport Ex-4/5,4,Airport Ex-4/5/4,DOMESTIC AIRPORT T-1 (SPL),IGI T1, IGI T-3 (REST)    09:15-09:50,IGI T3,09:00:00,09:15:00,00:15:00,8.9,REVENUE,D2,Rajghat
1,Airport Ex-4,Airport Ex-4/5,Airport Ex-4/5,5,Airport Ex-4/5/5,IGI T-3 R-AIRPORT EXP.4,IGI T3,KASHMIRI GATE(ISBT),KASH GATE,09:50:00,12:00:00,02:10:00,36,REVENUE,D4,Rajghat
1,Airport Ex-4,Airport Ex-4/5,Airport Ex-4/5,6,Airport Ex-4/5/6,KASHMIRI(ISBT),KASH GATE,DEPOT T-TMS (+) SPL,DEPOT,12:05:00,12:40:00,00:35:00,7.9,NON-REVENUE,SHUTTLE,Rajghat
1,Airport Ex-4,Airport Ex-4/6,Airport Ex-4/6,1,Airport Ex-4/6/1,DEPOT-TMS(-)SPL,DEPOT,KASHMIRI GATE(ISBT),KASH GATE,06:20:00,06:35:00,00:15:00,5.4,NON-REVENUE,SHUTTLE,Rajghat
1,Airport Ex-4,Airport Ex-4/6,Airport Ex-4/6,2,Airport Ex-4/6/2,KASHMIRI GATE(ISBT)/R729B (SPL),KASH GATE,IGI T-3,IGI T3,06:40:00,08:50:00,02:10:00,33.4,REVENUE,D1,Rajghat
1,Airport Ex-4,Airport Ex-4/6,Airport Ex-4/6,3,Airport Ex-4/6/3,IGI T-3,IGI T3,DOMESTIC AIRPORT T-1,IGI T1,09:00:00,09:15:00,00:15:00,9.3,REVENUE,D3,Rajghat
1,Airport Ex-4,Airport Ex-4/6,Airport Ex-4/6,4,Airport Ex-4/6/4,DOMESTIC AIRPORT T-1 (SPL),IGI T1,  IGI T-3 (REST)      09:35-10:10,IGI T3,09:20:00,09:35:00,00:15:00,8.9,REVENUE,D2,Rajghat
1,Airport Ex-4,Airport Ex-4/6,Airport Ex-4/6,5,Airport Ex-4/6/5,IGI T-3 R-AIRPORT EXP.4,IGI T3,KASHMIRI GATE(ISBT),KASH GATE,10:10:00,12:20:00,02:10:00,36,REVENUE,D4,Rajghat
1,Airport Ex-4,Airport Ex-4/6,Airport Ex-4/6,6,Airport Ex-4/6/6,KASHMIRI(ISBT),KASH GATE,DEPOT T-TMS (+) SPL,DEPOT,12:25:00,13:00:00,00:35:00,7.9,NON-REVENUE,SHUTTLE,Rajghat
1,Airport Ex-4,Airport Ex-4/7,Airport Ex-4/7,1,Airport Ex-4/7/1,DEPOT-TMS(-)SPL,DEPOT,KASHMIRI GATE(ISBT),KASH GATE,06:40:00,06:55:00,00:15:00,5.4,NON-REVENUE,SHUTTLE,Rajghat
1,Airport Ex-4,Airport Ex-4/7,Airport Ex-4/7,2,Airport Ex-4/7/2,KASHMIRI GATE(ISBT)/R729B (SPL),KASH GATE,IGI T-3,IGI T3,07:00:00,09:10:00,02:10:00,33.4,REVENUE,D1,Rajghat
1,Airport Ex-4,Airport Ex-4/7,Airport Ex-4/7,3,Airport Ex-4/7/3,IGI T-3,IGI T3,DOMESTIC AIRPORT T-1,IGI T1,09:20:00,09:35:00,00:15:00,9.3,REVENUE,D3,Rajghat
1,Airport Ex-4,Airport Ex-4/7,Airport Ex-4/7,4,Airport Ex-4/7/4,DOMESTIC AIRPORT T-1 (SPL),IGI T1,IGI T-3 (REST),IGI T3,09:40:00,09:55:00,00:15:00,8.9,REVENUE,D2,Rajghat
1,Airport Ex-4,Airport Ex-4/7,Airport Ex-4/7,5,Airport Ex-4/7/5,IGI T-3 R-AIRPORT EXP.4,IGI T3,KASHMIRI GATE(ISBT),KASH GATE,10:30:00,12:40:00,02:10:00,36,REVENUE,D4,Rajghat
1,Airport Ex-4,Airport Ex-4/7,Airport Ex-4/7,6,Airport Ex-4/7/6,KASHMIRI(ISBT),KASH GATE,DEPOT T-TMS (+) SPL,DEPOT,12:45:00,13:00:00,00:15:00,7.9,NON-REVENUE,SHUTTLE,Rajghat
1,Airport Ex-4,Airport Ex-4/8,Airport Ex-4/8,1,Airport Ex-4/8/1,DEPOT-TMS(-)SPL,DEPOT,KASHMIRI GATE(ISBT),KASH GATE,07:00:00,07:15:00,00:15:00,5.4,NON-REVENUE,SHUTTLE,Rajghat
1,Airport Ex-4,Airport Ex-4/8,Airport Ex-4/8,2,Airport Ex-4/8/2,KASHMIRI GATE(ISBT)/R729B (SPL),KASH GATE,IGI T-3,IGI T3,07:20:00,09:30:00,02:10:00,33.4,REVENUE,D1,Rajghat
1,Airport Ex-4,Airport Ex-4/8,Airport Ex-4/8,3,Airport Ex-4/8/3,IGI T-3,IGI T3,DOMESTIC AIRPORT T-1,IGI T1,09:40:00,09:50:00,00:10:00,9.3,REVENUE,D3,Rajghat
1,Airport Ex-4,Airport Ex-4/8,Airport Ex-4/8,4,Airport Ex-4/8/4,DOMESTIC AIRPORT T-1 (SPL),IGI T1,IGI T-3 (REST),IGI T3,10:00:00,10:15:00,00:15:00,8.9,REVENUE,D2,Rajghat
1,Airport Ex-4,Airport Ex-4/8,Airport Ex-4/8,5,Airport Ex-4/8/5,IGI T-3 R-AIRPORT EXP.4,IGI T3,KASHMIRI GATE(ISBT),KASH GATE,10:50:00,13:00:00,02:10:00,36,REVENUE,D4,Rajghat
1,Airport Ex-4,Airport Ex-4/8,Airport Ex-4/8,6,Airport Ex-4/8/6,KASHMIRI(ISBT),KASH GATE,DEPOT T-TMS (+) SPL,DEPOT,13:05:00,13:20:00,00:15:00,7.9,NON-REVENUE,SHUTTLE,Rajghat
1,Airport Ex-4,Airport Ex-4/9,Airport Ex-4/9,1,Airport Ex-4/9/1,DEPOT-TMS(-)SPL,DEPOT,KASHMIRI GATE(ISBT),KASH GATE,07:20:00,07:35:00,00:15:00,5.4,NON-REVENUE,SHUTTLE,Rajghat
1,Airport Ex-4,Airport Ex-4/9,Airport Ex-4/9,2,Airport Ex-4/9/2,KASHMIRI GATE(ISBT)/R729B (SPL),KASH GATE,IGI T-3,IGI T3,07:40:00,09:50:00,02:10:00,33.4,REVENUE,D1,Rajghat
1,Airport Ex-4,Airport Ex-4/9,Airport Ex-4/9,3,Airport Ex-4/9/3,IGI T-3,IGI T3,DOMESTIC AIRPORT T-1,IGI T1,10:00:00,10:15:00,00:15:00,9.3,REVENUE,D3,Rajghat
1,Airport Ex-4,Airport Ex-4/9,Airport Ex-4/9,4,Airport Ex-4/9/4,DOMESTIC AIRPORT T-1 (SPL),IGI T1,IGI T-3 (REST),IGI T3,10:20:00,10:35:00,00:15:00,8.9,REVENUE,D2,Rajghat
1,Airport Ex-4,Airport Ex-4/9,Airport Ex-4/9,5,Airport Ex-4/9/5,IGI T-3 R-AIRPORT EXP.4,IGI T3,KASHMIRI GATE(ISBT),KASH GATE,11:10:00,13:20:00,02:10:00,36,REVENUE,D4,Rajghat
1,Airport Ex-4,Airport Ex-4/9,Airport Ex-4/9,6,Airport Ex-4/9/6,KASHMIRI(ISBT),KASH GATE,DEPOT T-TMS (+) SPL,DEPOT,13:25:00,14:00:00,00:35:00,7.9,NON-REVENUE,SHUTTLE,Rajghat
1,Airport Ex-4,Airport Ex-4/10,Airport Ex-4/10,1,Airport Ex-4/10/1,DEPOT-TMS(-)SPL,DEPOT,KASHMIRI GATE(ISBT),KASH GATE,07:40:00,07:55:00,00:15:00,5.4,NON-REVENUE,SHUTTLE,Rajghat
1,Airport Ex-4,Airport Ex-4/10,Airport Ex-4/10,2,Airport Ex-4/10/2,KASHMIRI GATE(ISBT)/R729B (SPL),KASH GATE,IGI T-3,IGI T3,08:00:00,10:10:00,02:10:00,33.4,REVENUE,D1,Rajghat
1,Airport Ex-4,Airport Ex-4/10,Airport Ex-4/10,3,Airport Ex-4/10/3,IGI T-3,IGI T3,DOMESTIC AIRPORT T-1,IGI T1,10:20:00,10:35:00,00:15:00,9.3,REVENUE,D3,Rajghat
1,Airport Ex-4,Airport Ex-4/10,Airport Ex-4/10,4,Airport Ex-4/10/4,DOMESTIC AIRPORT T-1 (SPL),IGI T1,IGI T-3 (REST),IGI T3,10:40:00,10:55:00,00:15:00,8.9,REVENUE,D2,Rajghat
1,Airport Ex-4,Airport Ex-4/10,Airport Ex-4/10,5,Airport Ex-4/10/5,IGI T-3 R-AIRPORT EXP.4,IGI T3,KASHMIRI GATE(ISBT),KASH GATE,11:30:00,13:40:00,02:10:00,36,REVENUE,D4,Rajghat
1,Airport Ex-4,Airport Ex-4/10,Airport Ex-4/10,6,Airport Ex-4/10/6,KASHMIRI(ISBT),KASH GATE,DEPOT T-TMS (+) SPL,DEPOT,13:45:00,14:20:00,00:35:00,7.9,NON-REVENUE,SHUTTLE,Rajghat
1,Airport Ex-4,Airport Ex-4/11,Airport Ex-4/11,1,Airport Ex-4/11/1,DEPOT-TMS(-)SPL,DEPOT,KASHMIRI GATE(ISBT),KASH GATE,08:00:00,08:15:00,00:15:00,5.4,NON-REVENUE,SHUTTLE,Rajghat
1,Airport Ex-4,Airport Ex-4/11,Airport Ex-4/11,2,Airport Ex-4/11/2,KASHMIRI GATE(ISBT)/R729B (SPL),KASH GATE,IGI T-3,IGI T3,08:20:00,10:30:00,02:10:00,33.4,REVENUE,D1,Rajghat
1,Airport Ex-4,Airport Ex-4/11,Airport Ex-4/11,3,Airport Ex-4/11/3,IGI T-3,IGI T3,DOMESTIC AIRPORT T-1,IGI T1,10:40:00,10:55:00,00:15:00,9.3,REVENUE,D3,Rajghat
1,Airport Ex-4,Airport Ex-4/11,Airport Ex-4/11,4,Airport Ex-4/11/4,DOMESTIC AIRPORT T-1 (SPL),IGI T1,IGI T-3 (REST),IGI T3,11:00:00,11:15:00,00:15:00,8.9,REVENUE,D2,Rajghat
1,Airport Ex-4,Airport Ex-4/11,Airport Ex-4/11,5,Airport Ex-4/11/5,IGI T-3 R-AIRPORT EXP.4,IGI T3,KASHMIRI GATE(ISBT),KASH GATE,11:50:00,14:00:00,02:10:00,36,REVENUE,D4,Rajghat
1,Airport Ex-4,Airport Ex-4/11,Airport Ex-4/11,6,Airport Ex-4/11/6,KASHMIRI(ISBT),KASH GATE,DEPOT T-TMS (+) SPL,DEPOT,14:05:00,14:40:00,00:35:00,7.9,NON-REVENUE,SHUTTLE,Rajghat
1,Airport Ex-4,Airport Ex-4/12,Airport Ex-4/12,1,Airport Ex-4/12/1,DEPOT-TMS(-)SPL,DEPOT,KASHMIRI GATE(ISBT),KASH GATE,08:20:00,08:35:00,00:15:00,5.4,NON-REVENUE,SHUTTLE,Rajghat
1,Airport Ex-4,Airport Ex-4/12,Airport Ex-4/12,2,Airport Ex-4/12/2,KASHMIRI GATE(ISBT)/R729B (SPL),KASH GATE,IGI T-3,IGI T3,08:40:00,10:50:00,02:10:00,33.4,REVENUE,D1,Rajghat
1,Airport Ex-4,Airport Ex-4/12,Airport Ex-4/12,3,Airport Ex-4/12/3,IGI T-3,IGI T3,DOMESTIC AIRPORT T-1,IGI T1,11:00:00,11:15:00,00:15:00,9.3,REVENUE,D3,Rajghat
1,Airport Ex-4,Airport Ex-4/12,Airport Ex-4/12,4,Airport Ex-4/12/4,DOMESTIC AIRPORT T-1 (SPL),IGI T1,IGI T-3 (REST),IGI T3,11:20:00,11:35:00,00:15:00,8.9,REVENUE,D2,Rajghat
1,Airport Ex-4,Airport Ex-4/12,Airport Ex-4/12,5,Airport Ex-4/12/5,IGI T-3 R-AIRPORT EXP.4,IGI T3,KASHMIRI GATE(ISBT),KASH GATE,12:10:00,14:20:00,02:10:00,36,REVENUE,D4,Rajghat
1,Airport Ex-4,Airport Ex-4/12,Airport Ex-4/12,6,Airport Ex-4/12/6,KASHMIRI(ISBT),KASH GATE,DEPOT T-TMS (+) SPL,DEPOT,14:25:00,15:00:00,00:35:00,7.9,NON-REVENUE,SHUTTLE,Rajghat
1,Airport Ex-4,Airport Ex-4/13,Airport Ex-4/13,1,Airport Ex-4/13/1,DEPOT-TMS(-)SPL,DEPOT,KASHMIRI GATE(ISBT),KASH GATE,08:40:00,08:55:00,00:15:00,5.4,NON-REVENUE,SHUTTLE,Rajghat
1,Airport Ex-4,Airport Ex-4/13,Airport Ex-4/13,2,Airport Ex-4/13/2,KASHMIRI GATE(ISBT)/R729B (SPL),KASH GATE,IGI T-3,IGI T3,09:00:00,11:10:00,02:10:00,33.4,REVENUE,D1,Rajghat
1,Airport Ex-4,Airport Ex-4/13,Airport Ex-4/13,3,Airport Ex-4/13/3,IGI T-3,IGI T3,DOMESTIC AIRPORT T-1,IGI T1,11:20:00,11:35:00,00:15:00,9.3,REVENUE,D3,Rajghat
1,Airport Ex-4,Airport Ex-4/13,Airport Ex-4/13,4,Airport Ex-4/13/4,DOMESTIC AIRPORT T-1 (SPL),IGI T1,IGI T-3 (REST),IGI T3,11:40:00,11:55:00,00:15:00,8.9,REVENUE,D2,Rajghat
1,Airport Ex-4,Airport Ex-4/13,Airport Ex-4/13,5,Airport Ex-4/13/5,IGI T-3 R-AIRPORT EXP.4,IGI T3,KASHMIRI GATE(ISBT),KASH GATE,12:30:00,14:40:00,02:10:00,36,REVENUE,D4,Rajghat
1,Airport Ex-4,Airport Ex-4/13,Airport Ex-4/13,6,Airport Ex-4/13/6,KASHMIRI(ISBT),KASH GATE,DEPOT T-TMS (+) SPL,DEPOT,14:45:00,15:00:00,00:15:00,7.9,NON-REVENUE,SHUTTLE,Rajghat
1,Airport Ex-4,Airport Ex-4/14,Airport Ex-4/14,1,Airport Ex-4/14/1,DEPOT-TMS(-)SPL,DEPOT,KASHMIRI GATE(ISBT),KASH GATE,09:00:00,09:15:00,00:15:00,5.4,NON-REVENUE,SHUTTLE,Rajghat
1,Airport Ex-4,Airport Ex-4/14,Airport Ex-4/14,2,Airport Ex-4/14/2,KASHMIRI GATE(ISBT)/R729B (SPL),KASH GATE,IGI T-3,IGI T3,09:20:00,11:30:00,02:10:00,33.4,REVENUE,D1,Rajghat
1,Airport Ex-4,Airport Ex-4/14,Airport Ex-4/14,3,Airport Ex-4/14/3,IGI T-3,IGI T3,DOMESTIC AIRPORT T-1,IGI T1,11:40:00,11:55:00,00:15:00,9.3,REVENUE,D3,Rajghat
1,Airport Ex-4,Airport Ex-4/14,Airport Ex-4/14,4,Airport Ex-4/14/4,DOMESTIC AIRPORT T-1 (SPL),IGI T1,IGI T-3 (REST),IGI T3,12:00:00,12:15:00,00:15:00,8.9,REVENUE,D2,Rajghat
1,Airport Ex-4,Airport Ex-4/14,Airport Ex-4/14,5,Airport Ex-4/14/5,IGI T-3 R-AIRPORT EXP.4,IGI T3,KASHMIRI GATE(ISBT),KASH GATE,12:50:00,15:00:00,02:10:00,36,REVENUE,D4,Rajghat
1,Airport Ex-4,Airport Ex-4/14,Airport Ex-4/14,6,Airport Ex-4/14/6,KASHMIRI(ISBT),KASH GATE,DEPOT T-TMS (+) SPL,DEPOT,15:05:00,15:20:00,00:15:00,7.9,NON-REVENUE,SHUTTLE,Rajghat
1,Airport Ex-4,Airport Ex-4/1,Airport Ex-4/1A,1,Airport Ex-4/1A/1,DEPOT-TMS(-)SPL,DEPOT,KASHMIRI GATE(ISBT),KASH GATE,12:20:00,12:35:00,00:15:00,5.4,NON-REVENUE,SHUTTLE,Rajghat
1,Airport Ex-4,Airport Ex-4/1,Airport Ex-4/1A,2,Airport Ex-4/1A/2,KASHMIRI GATE(ISBT)/ Route729B(SPL),KASH GATE,IGI T-3,IGI T3,12:40:00,14:50:00,02:10:00,33.4,REVENUE,D1,Rajghat
1,Airport Ex-4,Airport Ex-4/1,Airport Ex-4/1A,3,Airport Ex-4/1A/3,IGI T-3,IGI T3,DOMESTIC AIRPORT T-1,IGI T1,15:00:00,15:15:00,00:15:00,9.3,REVENUE,D3,Rajghat
1,Airport Ex-4,Airport Ex-4/1,Airport Ex-4/1A,4,Airport Ex-4/1A/4,DOMESTIC AIRPORT T-1 (SPL),IGI T1,           IGI Airport T-3           REST -15:35-16:10,IGI T3,15:20:00,15:35:00,00:15:00,8.9,REVENUE,D2,Rajghat
1,Airport Ex-4,Airport Ex-4/1,Airport Ex-4/1A,5,Airport Ex-4/1A/5,IGI T-3 AIRPORT Route EXP.4,IGI T3,KASHMIRI GATE(ISBT),KASH GATE,16:10:00,18:20:00,02:10:00,36,REVENUE,D4,Rajghat
1,Airport Ex-4,Airport Ex-4/1,Airport Ex-4/1A,6,Airport Ex-4/1A/6,KASHMIRI(ISBT),KASH GATE,DEPOT T-TMS (+) SPL,DEPOT,18:25:00,18:40:00,00:15:00,7.9,NON-REVENUE,SHUTTLE,Rajghat
1,Airport Ex-4,Airport Ex-4/2,Airport Ex-4/2A,1,Airport Ex-4/2A/1,DEPOT-TMS(-)SPL,DEPOT,KASHMIRI GATE(ISBT),KASH GATE,13:00:00,13:15:00,00:15:00,5.4,NON-REVENUE,SHUTTLE,Rajghat
1,Airport Ex-4,Airport Ex-4/2,Airport Ex-4/2A,2,Airport Ex-4/2A/2,KASHMIRI GATE(ISBT)/R729B(SPL),KASH GATE,IGI T-3,IGI T3,13:20:00,15:30:00,02:10:00,33.4,REVENUE,D1,Rajghat
1,Airport Ex-4,Airport Ex-4/2,Airport Ex-4/2A,3,Airport Ex-4/2A/3,IGI T-3,IGI T3,DOMESTIC AIRPORT T-1,IGI T1,15:40:00,15:55:00,00:15:00,9.3,REVENUE,D3,Rajghat
1,Airport Ex-4,Airport Ex-4/2,Airport Ex-4/2A,4,Airport Ex-4/2A/4,DOMESTIC AIRPORT T-1 (SPL),IGI T1,         IGI T-3 (REST)           16:15-16:50,IGI T3,16:00:00,16:15:00,00:15:00,8.9,REVENUE,D2,Rajghat
1,Airport Ex-4,Airport Ex-4/2,Airport Ex-4/2A,5,Airport Ex-4/2A/5,IGI T-3 R-AIRPORT EXP.4,IGI T3,KASHMIRI GATE(ISBT),KASH GATE,16:50:00,19:00:00,02:10:00,36,REVENUE,D4,Rajghat
1,Airport Ex-4,Airport Ex-4/2,Airport Ex-4/2A,6,Airport Ex-4/2A/6,KASHMIRI(ISBT),KASH GATE,DEPOT T-TMS (+) SPL,DEPOT,19:05:00,19:20:00,00:15:00,7.9,NON-REVENUE,SHUTTLE,Rajghat
1,Airport Ex-4,Airport Ex-4/3,Airport Ex-4/3A,1,Airport Ex-4/3A/1,DEPOT-TMS(-)SPL,DEPOT,KASHMIRI GATE(ISBT),KASH GATE,13:20:00,13:35:00,00:15:00,5.4,NON-REVENUE,SHUTTLE,Rajghat
1,Airport Ex-4,Airport Ex-4/3,Airport Ex-4/3A,2,Airport Ex-4/3A/2,KASHMIRI GATE(ISBT)/R729B (SPL),KASH GATE,IGI T-3,IGI T3,13:40:00,15:50:00,02:10:00,33.4,REVENUE,D1,Rajghat
1,Airport Ex-4,Airport Ex-4/3,Airport Ex-4/3A,3,Airport Ex-4/3A/3,IGI T-3,IGI T3,DOMESTIC AIRPORT T-1,IGI T1,16:00:00,16:15:00,00:15:00,9.3,REVENUE,D3,Rajghat
1,Airport Ex-4,Airport Ex-4/3,Airport Ex-4/3A,4,Airport Ex-4/3A/4,DOMESTIC AIRPORT T-1 (SPL),IGI T1, IGI T-3 (REST)    16:35-17:10,IGI T3,16:20:00,16:35:00,00:15:00,8.9,REVENUE,D2,Rajghat
1,Airport Ex-4,Airport Ex-4/3,Airport Ex-4/3A,5,Airport Ex-4/3A/5,IGI T-3 R-AIRPORT EXP.4,IGI T3,KASHMIRI GATE(ISBT),KASH GATE,17:10:00,19:20:00,02:10:00,36,REVENUE,D4,Rajghat
1,Airport Ex-4,Airport Ex-4/3,Airport Ex-4/3A,6,Airport Ex-4/3A/6,KASHMIRI(ISBT),KASH GATE,DEPOT T-TMS (+) SPL,DEPOT,19:25:00,19:40:00,00:15:00,7.9,NON-REVENUE,SHUTTLE,Rajghat
1,Airport Ex-4,Airport Ex-4/4,Airport Ex-4/4A,1,Airport Ex-4/4A/1,DEPOT-TMS(-)SPL,DEPOT,KASHMIRI GATE(ISBT),KASH GATE,13:40:00,13:55:00,00:15:00,5.4,NON-REVENUE,SHUTTLE,Rajghat
1,Airport Ex-4,Airport Ex-4/4,Airport Ex-4/4A,2,Airport Ex-4/4A/2,KASHMIRI GATE(ISBT)/R729B(SPL),KASH GATE,IGI T-3,IGI T3,14:00:00,16:10:00,02:10:00,33.4,REVENUE,D1,Rajghat
1,Airport Ex-4,Airport Ex-4/4,Airport Ex-4/4A,3,Airport Ex-4/4A/3,IGI T-3,IGI T3,DOMESTIC AIRPORT T-1,IGI T1,16:20:00,16:35:00,00:15:00,9.3,REVENUE,D3,Rajghat
1,Airport Ex-4,Airport Ex-4/4,Airport Ex-4/4A,4,Airport Ex-4/4A/4,DOMESTIC AIRPORT T-1 (SPL),IGI T1,IGI T-3 (REST)    16:55-17:30,IGI T3,16:40:00,16:55:00,00:15:00,8.9,REVENUE,D2,Rajghat
1,Airport Ex-4,Airport Ex-4/4,Airport Ex-4/4A,5,Airport Ex-4/4A/5,IGI T-3 R-AIRPORT EXP.4,IGI T3,KASHMIRI GATE(ISBT),KASH GATE,17:30:00,19:40:00,02:10:00,36,REVENUE,D4,Rajghat
1,Airport Ex-4,Airport Ex-4/4,Airport Ex-4/4A,6,Airport Ex-4/4A/6,KASHMIRI(ISBT),KASH GATE,DEPOT T-TMS (+) SPL,DEPOT,19:45:00,20:00:00,00:15:00,7.9,NON-REVENUE,SHUTTLE,Rajghat
1,Airport Ex-4,Airport Ex-4/5,Airport Ex-4/5A,1,Airport Ex-4/5A/1,DEPOT-TMS(-)SPL,DEPOT,KASHMIRI GATE(ISBT),KASH GATE,14:00:00,14:15:00,00:15:00,5.4,NON-REVENUE,SHUTTLE,Rajghat
1,Airport Ex-4,Airport Ex-4/5,Airport Ex-4/5A,2,Airport Ex-4/5A/2,KASHMIRI GATE(ISBT)/R729B (SPL),KASH GATE,IGI T-3,IGI T3,14:20:00,16:30:00,02:10:00,33.4,REVENUE,D1,Rajghat
1,Airport Ex-4,Airport Ex-4/5,Airport Ex-4/5A,3,Airport Ex-4/5A/3,IGI T-3,IGI T3,DOMESTIC AIRPORT T-1,IGI T1,16:40:00,16:55:00,00:15:00,9.3,REVENUE,D3,Rajghat
1,Airport Ex-4,Airport Ex-4/5,Airport Ex-4/5A,4,Airport Ex-4/5A/4,DOMESTIC AIRPORT T-1 (SPL),IGI T1, IGI T-3 (REST)    17:15-17:50,IGI T3,17:00:00,17:15:00,00:15:00,8.9,REVENUE,D2,Rajghat
1,Airport Ex-4,Airport Ex-4/5,Airport Ex-4/5A,5,Airport Ex-4/5A/5,IGI T-3 R-AIRPORT EXP.4,IGI T3,KASHMIRI GATE(ISBT),KASH GATE,17:50:00,20:00:00,02:10:00,36,REVENUE,D4,Rajghat
1,Airport Ex-4,Airport Ex-4/5,Airport Ex-4/5A,6,Airport Ex-4/5A/6,KASHMIRI(ISBT),KASH GATE,DEPOT T-TMS (+) SPL,DEPOT,20:05:00,20:20:00,00:15:00,7.9,NON-REVENUE,SHUTTLE,Rajghat
1,Airport Ex-4,Airport Ex-4/6,Airport Ex-4/6A,1,Airport Ex-4/6A/1,DEPOT-TMS(-)SPL,DEPOT,KASHMIRI GATE(ISBT),KASH GATE,14:20:00,14:35:00,00:15:00,5.4,NON-REVENUE,SHUTTLE,Rajghat
1,Airport Ex-4,Airport Ex-4/6,Airport Ex-4/6A,2,Airport Ex-4/6A/2,KASHMIRI GATE(ISBT)/R729B (SPL),KASH GATE,IGI T-3,IGI T3,14:40:00,16:50:00,02:10:00,33.4,REVENUE,D1,Rajghat
1,Airport Ex-4,Airport Ex-4/6,Airport Ex-4/6A,3,Airport Ex-4/6A/3,IGI T-3,IGI T3,DOMESTIC AIRPORT T-1,IGI T1,17:00:00,17:15:00,00:15:00,9.3,REVENUE,D3,Rajghat
1,Airport Ex-4,Airport Ex-4/6,Airport Ex-4/6A,4,Airport Ex-4/6A/4,DOMESTIC AIRPORT T-1 (SPL),IGI T1,  IGI T-3 (REST)      09:35-10:10,IGI T3,17:20:00,17:35:00,00:15:00,8.9,REVENUE,D2,Rajghat
1,Airport Ex-4,Airport Ex-4/6,Airport Ex-4/6A,5,Airport Ex-4/6A/5,IGI T-3 R-AIRPORT EXP.4,IGI T3,KASHMIRI GATE(ISBT),KASH GATE,18:10:00,20:20:00,02:10:00,36,REVENUE,D4,Rajghat
1,Airport Ex-4,Airport Ex-4/6,Airport Ex-4/6A,6,Airport Ex-4/6A/6,KASHMIRI(ISBT),KASH GATE,DEPOT T-TMS (+) SPL,DEPOT,20:25:00,20:40:00,00:15:00,7.9,NON-REVENUE,SHUTTLE,Rajghat
1,Airport Ex-4,Airport Ex-4/7,Airport Ex-4/7A,1,Airport Ex-4/7A/1,DEPOT-TMS(-)SPL,DEPOT,KASHMIRI GATE(ISBT),KASH GATE,14:40:00,14:55:00,00:15:00,5.4,NON-REVENUE,SHUTTLE,Rajghat
1,Airport Ex-4,Airport Ex-4/7,Airport Ex-4/7A,2,Airport Ex-4/7A/2,KASHMIRI GATE(ISBT)/R729B (SPL),KASH GATE,IGI T-3,IGI T3,15:00:00,17:10:00,02:10:00,33.4,REVENUE,D1,Rajghat
1,Airport Ex-4,Airport Ex-4/7,Airport Ex-4/7A,3,Airport Ex-4/7A/3,IGI T-3,IGI T3,DOMESTIC AIRPORT T-1,IGI T1,17:20:00,17:35:00,00:15:00,9.3,REVENUE,D3,Rajghat
1,Airport Ex-4,Airport Ex-4/7,Airport Ex-4/7A,4,Airport Ex-4/7A/4,DOMESTIC AIRPORT T-1 (SPL),IGI T1,IGI T-3 (REST),IGI T3,17:40:00,17:55:00,00:15:00,8.9,REVENUE,D2,Rajghat
1,Airport Ex-4,Airport Ex-4/7,Airport Ex-4/7A,5,Airport Ex-4/7A/5,IGI T-3 R-AIRPORT EXP.4,IGI T3,KASHMIRI GATE(ISBT),KASH GATE,18:30:00,20:40:00,02:10:00,36,REVENUE,D4,Rajghat
1,Airport Ex-4,Airport Ex-4/7,Airport Ex-4/7A,6,Airport Ex-4/7A/6,KASHMIRI(ISBT),KASH GATE,DEPOT T-TMS (+) SPL,DEPOT,20:45:00,21:00:00,00:15:00,7.9,NON-REVENUE,SHUTTLE,Rajghat
1,Airport Ex-4,Airport Ex-4/8,Airport Ex-4/8A,1,Airport Ex-4/8A/1,DEPOT-TMS(-)SPL,DEPOT,KASHMIRI GATE(ISBT),KASH GATE,15:00:00,15:15:00,00:15:00,5.4,NON-REVENUE,SHUTTLE,Rajghat
1,Airport Ex-4,Airport Ex-4/8,Airport Ex-4/8A,2,Airport Ex-4/8A/2,KASHMIRI GATE(ISBT)/R729B (SPL),KASH GATE,IGI T-3,IGI T3,15:20:00,17:30:00,02:10:00,33.4,REVENUE,D1,Rajghat
1,Airport Ex-4,Airport Ex-4/8,Airport Ex-4/8A,3,Airport Ex-4/8A/3,IGI T-3,IGI T3,DOMESTIC AIRPORT T-1,IGI T1,17:40:00,17:55:00,00:15:00,9.3,REVENUE,D3,Rajghat
1,Airport Ex-4,Airport Ex-4/8,Airport Ex-4/8A,4,Airport Ex-4/8A/4,DOMESTIC AIRPORT T-1 (SPL),IGI T1,IGI T-3 (REST),IGI T3,18:00:00,18:15:00,00:15:00,8.9,REVENUE,D2,Rajghat
1,Airport Ex-4,Airport Ex-4/8,Airport Ex-4/8A,5,Airport Ex-4/8A/5,IGI T-3 R-AIRPORT EXP.4,IGI T3,KASHMIRI GATE(ISBT),KASH GATE,18:50:00,21:00:00,02:10:00,36,REVENUE,D4,Rajghat
1,Airport Ex-4,Airport Ex-4/8,Airport Ex-4/8A,6,Airport Ex-4/8A/6,KASHMIRI(ISBT),KASH GATE,DEPOT T-TMS (+) SPL,DEPOT,21:05:00,21:20:00,00:15:00,7.9,NON-REVENUE,SHUTTLE,Rajghat
1,Airport Ex-4,Airport Ex-4/9,Airport Ex-4/9A,1,Airport Ex-4/9A/1,DEPOT-TMS(-)SPL,DEPOT,KASHMIRI GATE(ISBT),KASH GATE,15:20:00,15:35:00,00:15:00,5.4,NON-REVENUE,SHUTTLE,Rajghat
1,Airport Ex-4,Airport Ex-4/9,Airport Ex-4/9A,2,Airport Ex-4/9A/2,KASHMIRI GATE(ISBT)/R729B (SPL),KASH GATE,IGI T-3,IGI T3,15:40:00,17:50:00,02:10:00,33.4,REVENUE,D1,Rajghat
1,Airport Ex-4,Airport Ex-4/9,Airport Ex-4/9A,3,Airport Ex-4/9A/3,IGI T-3,IGI T3,DOMESTIC AIRPORT T-1,IGI T1,18:00:00,18:15:00,00:15:00,9.3,REVENUE,D3,Rajghat
1,Airport Ex-4,Airport Ex-4/9,Airport Ex-4/9A,4,Airport Ex-4/9A/4,DOMESTIC AIRPORT T-1 (SPL),IGI T1,IGI T-3 (REST),IGI T3,18:20:00,18:35:00,00:15:00,8.9,REVENUE,D2,Rajghat
1,Airport Ex-4,Airport Ex-4/9,Airport Ex-4/9A,5,Airport Ex-4/9A/5,IGI T-3 R-AIRPORT EXP.4,IGI T3,KASHMIRI GATE(ISBT),KASH GATE,19:10:00,21:20:00,02:10:00,36,REVENUE,D4,Rajghat
1,Airport Ex-4,Airport Ex-4/9,Airport Ex-4/9A,6,Airport Ex-4/9A/6,KASHMIRI(ISBT),KASH GATE,DEPOT T-TMS (+) SPL,DEPOT,21:25:00,21:40:00,00:15:00,7.9,NON-REVENUE,SHUTTLE,Rajghat
1,Airport Ex-4,Airport Ex-4/10,Airport Ex-4/10A,1,Airport Ex-4/10A/1,DEPOT-TMS(-)SPL,DEPOT,KASHMIRI GATE(ISBT),KASH GATE,15:40:00,15:55:00,00:15:00,5.4,NON-REVENUE,SHUTTLE,Rajghat
1,Airport Ex-4,Airport Ex-4/10,Airport Ex-4/10A,2,Airport Ex-4/10A/2,KASHMIRI GATE(ISBT)/R729B (SPL),KASH GATE,IGI T-3,IGI T3,16:00:00,18:10:00,02:10:00,33.4,REVENUE,D1,Rajghat
1,Airport Ex-4,Airport Ex-4/10,Airport Ex-4/10A,3,Airport Ex-4/10A/3,IGI T-3,IGI T3,DOMESTIC AIRPORT T-1,IGI T1,18:20:00,18:35:00,00:15:00,9.3,REVENUE,D3,Rajghat
1,Airport Ex-4,Airport Ex-4/10,Airport Ex-4/10A,4,Airport Ex-4/10A/4,DOMESTIC AIRPORT T-1 (SPL),IGI T1,IGI T-3 (REST),IGI T3,18:40:00,18:55:00,00:15:00,8.9,REVENUE,D2,Rajghat
1,Airport Ex-4,Airport Ex-4/10,Airport Ex-4/10A,5,Airport Ex-4/10A/5,IGI T-3 R-AIRPORT EXP.4,IGI T3,KASHMIRI GATE(ISBT),KASH GATE,19:30:00,21:40:00,02:10:00,36,REVENUE,D4,Rajghat
1,Airport Ex-4,Airport Ex-4/10,Airport Ex-4/10A,6,Airport Ex-4/10A/6,KASHMIRI(ISBT),KASH GATE,DEPOT T-TMS (+) SPL,DEPOT,21:45:00,22:00:00,00:15:00,7.9,NON-REVENUE,SHUTTLE,Rajghat
1,Airport Ex-4,Airport Ex-4/11,Airport Ex-4/11A,1,Airport Ex-4/11A/1,DEPOT-TMS(-)SPL,DEPOT,KASHMIRI GATE(ISBT),KASH GATE,16:00:00,16:15:00,00:15:00,5.4,NON-REVENUE,SHUTTLE,Rajghat
1,Airport Ex-4,Airport Ex-4/11,Airport Ex-4/11A,2,Airport Ex-4/11A/2,KASHMIRI GATE(ISBT)/R729B (SPL),KASH GATE,IGI T-3,IGI T3,16:20:00,18:30:00,02:10:00,33.4,REVENUE,D1,Rajghat
1,Airport Ex-4,Airport Ex-4/11,Airport Ex-4/11A,3,Airport Ex-4/11A/3,IGI T-3,IGI T3,DOMESTIC AIRPORT T-1,IGI T1,18:40:00,18:55:00,00:15:00,9.3,REVENUE,D3,Rajghat
1,Airport Ex-4,Airport Ex-4/11,Airport Ex-4/11A,4,Airport Ex-4/11A/4,DOMESTIC AIRPORT T-1 (SPL),IGI T1,IGI T-3 (REST),IGI T3,19:00:00,19:15:00,00:15:00,8.9,REVENUE,D2,Rajghat
1,Airport Ex-4,Airport Ex-4/11,Airport Ex-4/11A,5,Airport Ex-4/11A/5,IGI T-3 R-AIRPORT EXP.4,IGI T3,KASHMIRI GATE(ISBT),KASH GATE,19:50:00,22:00:00,02:10:00,36,REVENUE,D4,Rajghat
1,Airport Ex-4,Airport Ex-4/11,Airport Ex-4/11A,6,Airport Ex-4/11A/6,KASHMIRI(ISBT),KASH GATE,DEPOT T-TMS (+) SPL,DEPOT,22:05:00,22:20:00,00:15:00,7.9,NON-REVENUE,SHUTTLE,Rajghat
1,Airport Ex-4,Airport Ex-4/12,Airport Ex-4/12A,1,Airport Ex-4/12A/1,DEPOT-TMS(-)SPL,DEPOT,KASHMIRI GATE(ISBT),KASH GATE,16:20:00,16:35:00,00:15:00,5.4,NON-REVENUE,SHUTTLE,Rajghat
1,Airport Ex-4,Airport Ex-4/12,Airport Ex-4/12A,2,Airport Ex-4/12A/2,KASHMIRI GATE(ISBT)/R729B (SPL),KASH GATE,IGI T-3,IGI T3,16:40:00,18:50:00,02:10:00,33.4,REVENUE,D1,Rajghat
1,Airport Ex-4,Airport Ex-4/12,Airport Ex-4/12A,3,Airport Ex-4/12A/3,IGI T-3,IGI T3,DOMESTIC AIRPORT T-1,IGI T1,19:00:00,19:15:00,00:15:00,9.3,REVENUE,D3,Rajghat
1,Airport Ex-4,Airport Ex-4/12,Airport Ex-4/12A,4,Airport Ex-4/12A/4,DOMESTIC AIRPORT T-1 (SPL),IGI T1,IGI T-3 (REST),IGI T3,19:20:00,19:35:00,00:15:00,8.9,REVENUE,D2,Rajghat
1,Airport Ex-4,Airport Ex-4/12,Airport Ex-4/12A,5,Airport Ex-4/12A/5,IGI T-3 R-AIRPORT EXP.4,IGI T3,KASHMIRI GATE(ISBT),KASH GATE,20:10:00,22:20:00,02:10:00,36,REVENUE,D4,Rajghat
1,Airport Ex-4,Airport Ex-4/12,Airport Ex-4/12A,6,Airport Ex-4/12A/6,KASHMIRI(ISBT),KASH GATE,DEPOT T-TMS (+) SPL,DEPOT,20:10:00,22:40:00,02:30:00,7.9,NON-REVENUE,SHUTTLE,Rajghat
1,Airport Ex-4,Airport Ex-4/13,Airport Ex-4/13A,1,Airport Ex-4/13A/1,DEPOT-TMS(-)SPL,DEPOT,KASHMIRI GATE(ISBT),KASH GATE,16:40:00,16:55:00,00:15:00,5.4,NON-REVENUE,SHUTTLE,Rajghat
1,Airport Ex-4,Airport Ex-4/13,Airport Ex-4/13A,2,Airport Ex-4/13A/2,KASHMIRI GATE(ISBT)/R729B (SPL),KASH GATE,IGI T-3,IGI T3,17:00:00,19:10:00,02:10:00,33.4,REVENUE,D1,Rajghat
1,Airport Ex-4,Airport Ex-4/13,Airport Ex-4/13A,3,Airport Ex-4/13A/3,IGI T-3,IGI T3,DOMESTIC AIRPORT T-1,IGI T1,19:20:00,19:35:00,00:15:00,9.3,REVENUE,D3,Rajghat
1,Airport Ex-4,Airport Ex-4/13,Airport Ex-4/13A,4,Airport Ex-4/13A/4,DOMESTIC AIRPORT T-1 (SPL),IGI T1,IGI T-3 (REST),IGI T3,19:40:00,19:55:00,00:15:00,8.9,REVENUE,D2,Rajghat
1,Airport Ex-4,Airport Ex-4/13,Airport Ex-4/13A,5,Airport Ex-4/13A/5,IGI T-3 R-AIRPORT EXP.4,IGI T3,KASHMIRI GATE(ISBT),KASH GATE,20:30:00,22:40:00,02:10:00,36,REVENUE,D4,Rajghat
1,Airport Ex-4,Airport Ex-4/13,Airport Ex-4/13A,6,Airport Ex-4/13A/6,KASHMIRI(ISBT),KASH GATE,DEPOT T-TMS (+) SPL,DEPOT,22:45:00,23:00:00,00:15:00,7.9,NON-REVENUE,SHUTTLE,Rajghat
1,Airport Ex-4,Airport Ex-4/14,Airport Ex-4/14A,1,Airport Ex-4/14A/1,DEPOT-TMS(-)SPL,DEPOT,KASHMIRI GATE(ISBT),KASH GATE,17:00:00,17:15:00,00:15:00,5.4,NON-REVENUE,SHUTTLE,Rajghat
1,Airport Ex-4,Airport Ex-4/14,Airport Ex-4/14A,2,Airport Ex-4/14A/2,KASHMIRI GATE(ISBT)/R729B (SPL),KASH GATE,IGI T-3,IGI T3,17:20:00,19:30:00,02:10:00,33.4,REVENUE,D1,Rajghat
1,Airport Ex-4,Airport Ex-4/14,Airport Ex-4/14A,3,Airport Ex-4/14A/3,IGI T-3,IGI T3,DOMESTIC AIRPORT T-1,IGI T1,19:40:00,19:55:00,00:15:00,9.3,REVENUE,D3,Rajghat
1,Airport Ex-4,Airport Ex-4/14,Airport Ex-4/14A,4,Airport Ex-4/14A/4,DOMESTIC AIRPORT T-1 (SPL),IGI T1,IGI T-3 (REST),IGI T3,20:00:00,20:15:00,00:15:00,8.9,REVENUE,D2,Rajghat
1,Airport Ex-4,Airport Ex-4/14,Airport Ex-4/14A,5,Airport Ex-4/14A/5,IGI T-3 R-AIRPORT EXP.4,IGI T3,KASHMIRI GATE(ISBT),KASH GATE,20:50:00,23:00:00,02:10:00,36,REVENUE,D4,Rajghat
1,Airport Ex-4,Airport Ex-4/14,Airport Ex-4/14A,6,Airport Ex-4/14A/6,KASHMIRI(ISBT),KASH GATE,DEPOT T-TMS (+) SPL,DEPOT,23:05:00,23:20:00,00:15:00,7.9,NON-REVENUE,SHUTTLE,Rajghat
1,604,604/1,604/1,1,604/1/1,DEPOT-R307B,DEPOT,New Delhi Raily Station G.No-2 ,NDLS,04:40:00,04:55:00,00:15:00,3.9,NON-REVENUE,SHUTTLE,Rajghat
1,604,604/1,604/1,2,604/1/2,New Delhi Raily Station G.No-2 ,NDLS,Chhatar Pur,CPR,05:00:00,06:32:00,01:32:00,23.9,REVENUE,D1,Rajghat
1,604,604/1,604/1,3,604/1/3,Chhatar Pur,CPR,New Delhi Raily Station G.No-2 Rest,NDLS,06:38:00,08:08:00,01:30:00,25,REVENUE,D2,Rajghat
1,604,604/1,604/1,4,604/1/4,New Delhi Raily Station G.No-2 ,NDLS,Chhatar Pur,CPR,08:44:00,10:16:00,01:32:00,23.9,REVENUE,D1,Rajghat
1,604,604/1,604/1,5,604/1/5,Chhatar Pur,CPR,New Delhi Raily Station G.No-2 ,NDLS,10:22:00,11:52:00,01:30:00,25,REVENUE,D2,Rajghat
1,604,604/1,604/1,6,604/1/6,New Delhi Raily Station G.No-2 ,NDLS,DEPOT-R307B,DEPOT,12:00:00,12:35:00,00:35:00,4.2,NON-REVENUE,SHUTTLE,Rajghat
1,604,604/2,604/2,1,604/2/1,DEPOT-R307B,DEPOT,New Delhi Raily Station G.No-2 ,NDLS,04:55:00,05:10:00,00:15:00,3.9,NON-REVENUE,SHUTTLE,Rajghat
1,604,604/2,604/2,2,604/2/2,New Delhi Raily Station G.No-2 ,NDLS,Chhatar Pur,CPR,05:14:00,06:46:00,01:32:00,23.9,REVENUE,D1,Rajghat
1,604,604/2,604/2,3,604/2/3,Chhatar Pur,CPR,New Delhi Raily Station G.No-2 Rest,NDLS,06:52:00,08:22:00,01:30:00,25,REVENUE,D2,Rajghat
1,604,604/2,604/2,4,604/2/4,New Delhi Raily Station G.No-2 ,NDLS,Chhatar Pur,CPR,08:58:00,10:30:00,01:32:00,23.9,REVENUE,D1,Rajghat
1,604,604/2,604/2,5,604/2/5,Chhatar Pur,CPR,New Delhi Raily Station G.No-2 ,NDLS,10:36:00,12:06:00,01:30:00,25,REVENUE,D2,Rajghat
1,604,604/2,604/2,6,604/2/6,New Delhi Raily Station G.No-2 ,NDLS,DEPOT-R307B,DEPOT,12:10:00,12:25:00,00:15:00,4.2,NON-REVENUE,SHUTTLE,Rajghat
1,604,604/3,604/3,1,604/3/1,DEPOT-R307B,DEPOT,New Delhi Raily Station G.No-2 ,NDLS,05:10:00,05:25:00,00:15:00,3.9,NON-REVENUE,SHUTTLE,Rajghat
1,604,604/3,604/3,2,604/3/2,New Delhi Raily Station G.No-2 ,NDLS,Chhatar Pur,CPR,05:28:00,07:00:00,01:32:00,23.9,REVENUE,D1,Rajghat
1,604,604/3,604/3,3,604/3/3,Chhatar Pur,CPR,New Delhi Raily Station G.No-2 Rest,NDLS,07:06:00,08:36:00,01:30:00,25,REVENUE,D2,Rajghat
1,604,604/3,604/3,4,604/3/4,New Delhi Raily Station G.No-2 ,NDLS,Chhatar Pur,CPR,09:12:00,10:42:00,01:30:00,23.9,REVENUE,D1,Rajghat
1,604,604/3,604/3,5,604/3/5,Chhatar Pur,CPR,New Delhi Raily Station G.No-2 ,NDLS,10:50:00,12:20:00,01:30:00,25,REVENUE,D2,Rajghat
1,604,604/3,604/3,6,604/3/6,New Delhi Raily Station G.No-2 ,NDLS,DEPOT-R307B,DEPOT,12:25:00,13:00:00,00:35:00,4.2,NON-REVENUE,SHUTTLE,Rajghat
1,604,604/4,604/4,1,604/4/1,DEPOT-R307B,DEPOT,New Delhi Raily Station G.No-2 ,NDLS,05:25:00,05:40:00,00:15:00,3.9,NON-REVENUE,SHUTTLE,Rajghat
1,604,604/4,604/4,2,604/4/2,New Delhi Raily Station G.No-2 ,NDLS,Chhatar Pur,CPR,05:42:00,07:12:00,01:30:00,23.9,REVENUE,D1,Rajghat
1,604,604/4,604/4,3,604/4/3,Chhatar Pur,CPR,New Delhi Raily Station G.No-2 Rest,NDLS,07:20:00,08:50:00,01:30:00,25,REVENUE,D2,Rajghat
1,604,604/4,604/4,4,604/4/4,New Delhi Raily Station G.No-2 ,NDLS,Chhatar Pur,CPR,09:26:00,10:56:00,01:30:00,23.9,REVENUE,D1,Rajghat
1,604,604/4,604/4,5,604/4/5,Chhatar Pur,CPR,New Delhi Raily Station G.No-2 ,NDLS,11:04:00,12:34:00,01:30:00,25,REVENUE,D2,Rajghat
1,604,604/4,604/4,6,604/4/6,New Delhi Raily Station G.No-2 ,NDLS,DEPOT-R307B,DEPOT,12:40:00,13:15:00,00:35:00,4.2,NON-REVENUE,SHUTTLE,Rajghat
1,604,604/5,604/5,1,604/5/1,DEPOT-R307B,DEPOT,New Delhi Raily Station G.No-2 ,NDLS,05:35:00,05:50:00,00:15:00,3.9,NON-REVENUE,SHUTTLE,Rajghat
1,604,604/5,604/5,2,604/5/2,New Delhi Raily Station G.No-2 ,NDLS,Chhatar Pur,CPR,05:56:00,07:28:00,01:32:00,23.9,REVENUE,D1,Rajghat
1,604,604/5,604/5,3,604/5/3,Chhatar Pur,CPR,New Delhi Raily Station G.No-2 Rest,NDLS,07:34:00,09:04:00,01:30:00,25,REVENUE,D2,Rajghat
1,604,604/5,604/5,4,604/5/4,New Delhi Raily Station G.No-2 ,NDLS,Chhatar Pur,CPR,09:40:00,11:10:00,01:30:00,23.9,REVENUE,D1,Rajghat
1,604,604/5,604/5,5,604/5/5,Chhatar Pur,CPR,New Delhi Raily Station G.No-2 ,NDLS,11:18:00,12:48:00,01:30:00,25,REVENUE,D2,Rajghat
1,604,604/5,604/5,6,604/5/6,New Delhi Raily Station G.No-2 ,NDLS,DEPOT-R307B,DEPOT,12:50:00,13:25:00,00:35:00,4.2,NON-REVENUE,SHUTTLE,Rajghat
1,604,604/6,604/6,1,604/6/1,DEPOT-R307B,DEPOT,New Delhi Raily Station G.No-2 ,NDLS,05:00:00,06:05:00,01:05:00,3.9,NON-REVENUE,SHUTTLE,Rajghat
1,604,604/6,604/6,2,604/6/2,New Delhi Raily Station G.No-2 ,NDLS,Chhatar Pur,CPR,06:10:00,07:40:00,01:30:00,23.9,REVENUE,D1,Rajghat
1,604,604/6,604/6,3,604/6/3,Chhatar Pur,CPR,New Delhi Raily Station G.No-2 Rest,NDLS,07:48:00,09:18:00,01:30:00,25,REVENUE,D2,Rajghat
1,604,604/6,604/6,4,604/6/4,New Delhi Raily Station G.No-2          Rest 08:04-09:40,NDLS,Chhatar Pur,CPR,09:54:00,11:24:00,01:30:00,23.9,REVENUE,D1,Rajghat
1,604,604/6,604/6,5,604/6/5,Chhatar Pur,CPR,New Delhi Raily Station G.No-2 ,NDLS,11:32:00,13:02:00,01:30:00,25,REVENUE,D2,Rajghat
1,604,604/6,604/6,6,604/6/6,New Delhi Raily Station G.No-2 ,NDLS,DEPOT-R307B,DEPOT,13:05:00,13:20:00,00:15:00,4.2,NON-REVENUE,SHUTTLE,Rajghat
1,604,604/7,604/7,1,604/7/1,DEPOT-R307B,DEPOT,New Delhi Raily Station G.No-2 ,NDLS,06:05:00,06:20:00,00:15:00,3.9,NON-REVENUE,SHUTTLE,Rajghat
1,604,604/7,604/7,2,604/7/2,New Delhi Raily Station G.No-2 ,NDLS,Chhatar Pur,CPR,06:24:00,07:54:00,01:30:00,23.9,REVENUE,D1,Rajghat
1,604,604/7,604/7,3,604/7/3,Chhatar Pur,CPR,New Delhi Raily Station G.No-2 Rest,NDLS,08:02:00,09:32:00,01:30:00,25,REVENUE,D2,Rajghat
1,604,604/7,604/7,4,604/7/4,New Delhi Raily Station G.No-2          Rest 09:32-10:08,NDLS,Chhatar Pur,CPR,10:08:00,11:38:00,01:30:00,23.9,REVENUE,D1,Rajghat
1,604,604/7,604/7,5,604/7/5,Chhatar Pur,CPR,New Delhi Raily Station G.No-2 ,NDLS,11:46:00,13:16:00,01:30:00,25,REVENUE,D2,Rajghat
1,604,604/7,604/7,6,604/7/6,New Delhi Raily Station G.No-2 ,NDLS,DEPOT-R307B,DEPOT,13:20:00,13:35:00,00:15:00,4.2,NON-REVENUE,SHUTTLE,Rajghat
1,604,604/8,604/8,1,604/8/1,DEPOT-R307B,DEPOT,New Delhi Raily Station G.No-2 ,NDLS,06:20:00,06:35:00,00:15:00,3.9,NON-REVENUE,SHUTTLE,Rajghat
1,604,604/8,604/8,2,604/8/2,New Delhi Raily Station G.No-2 ,NDLS,Chhatar Pur,CPR,06:38:00,08:08:00,01:30:00,23.9,REVENUE,D1,Rajghat
1,604,604/8,604/8,3,604/8/3,Chhatar Pur,CPR,New Delhi Raily Station G.No-2 Rest,NDLS,08:16:00,09:46:00,01:30:00,25,REVENUE,D2,Rajghat
1,604,604/8,604/8,4,604/8/4,New Delhi Raily Station G.No-2          ,NDLS,Chhatar Pur,CPR,10:22:00,11:52:00,01:30:00,23.9,REVENUE,D1,Rajghat
1,604,604/8,604/8,5,604/8/5,Chhatar Pur,CPR,New Delhi Raily Station G.No-2 ,NDLS,12:00:00,13:30:00,01:30:00,25,REVENUE,D2,Rajghat
1,604,604/8,604/8,6,604/8/6,New Delhi Raily Station G.No-2 ,NDLS,DEPOT-R307B,DEPOT,13:35:00,13:50:00,00:15:00,4.2,NON-REVENUE,SHUTTLE,Rajghat
1,604,604/1,604/1A,1,604/1A/1,DEPOT-R307B,DEPOT,New Delhi Raily Station G.No-2 ,NDLS,13:55:00,14:10:00,00:15:00,3.9,NON-REVENUE,SHUTTLE,Rajghat
1,604,604/1,604/1A,2,604/1A/2,New Delhi Raily Station G.No-2 ,NDLS,Chhatar Pur,CPR,14:13:00,15:43:00,01:30:00,23.9,REVENUE,D1,Rajghat
1,604,604/1,604/1A,3,604/1A/3,Chhatar Pur,CPR,New Delhi Raily Station G.No-2 Rest,NDLS,15:51:00,17:21:00,01:30:00,25,REVENUE,D2,Rajghat
1,604,604/1,604/1A,4,604/1A/4,New Delhi Raily Station G.No-2 ,NDLS,Chhatar Pur,CPR,17:57:00,19:27:00,01:30:00,23.9,REVENUE,D1,Rajghat
1,604,604/1,604/1A,5,604/1A/5,Chhatar Pur,CPR,New Delhi Raily Station G.No-2 ,NDLS,19:35:00,21:05:00,01:30:00,25,REVENUE,D2,Rajghat
1,604,604/1,604/1A,6,604/1A/6,New Delhi Raily Station G.No-2 ,NDLS,DEPOT-R307B,DEPOT,21:10:00,21:25:00,00:15:00,4.2,NON-REVENUE,SHUTTLE,Rajghat
1,604,604/2,604/2A,1,604/2A/1,DEPOT-R307B,DEPOT,New Delhi Raily Station G.No-2 ,NDLS,14:10:00,14:25:00,00:15:00,3.9,NON-REVENUE,SHUTTLE,Rajghat
1,604,604/2,604/2A,2,604/2A/2,New Delhi Raily Station G.No-2 ,NDLS,Chhatar Pur,CPR,14:30:00,15:57:00,01:27:00,23.9,REVENUE,D1,Rajghat
1,604,604/2,604/2A,3,604/2A/3,Chhatar Pur,CPR,New Delhi Raily Station G.No-2 Rest,NDLS,16:05:00,17:35:00,01:30:00,25,REVENUE,D2,Rajghat
1,604,604/2,604/2A,4,604/2A/4,New Delhi Raily Station G.No-2 ,NDLS,Chhatar Pur,CPR,18:11:00,19:41:00,01:30:00,23.9,REVENUE,D1,Rajghat
1,604,604/2,604/2A,5,604/2A/5,Chhatar Pur,CPR,New Delhi Raily Station G.No-2 ,NDLS,19:49:00,21:10:00,01:21:00,25,REVENUE,D2,Rajghat
1,604,604/2,604/2A,6,604/2A/6,New Delhi Raily Station G.No-2 ,NDLS,DEPOT-R307B,DEPOT,21:25:00,21:40:00,00:15:00,4.2,NON-REVENUE,SHUTTLE,Rajghat
1,604,604/3,604/3A,1,604/3A/1,DEPOT-R307B,DEPOT,New Delhi Raily Station G.No-2 ,NDLS,14:20:00,14:35:00,00:15:00,3.9,NON-REVENUE,SHUTTLE,Rajghat
1,604,604/3,604/3A,2,604/3A/2,New Delhi Raily Station G.No-2 ,NDLS,Chhatar Pur,CPR,14:41:00,16:11:00,01:30:00,23.9,REVENUE,D1,Rajghat
1,604,604/3,604/3A,3,604/3A/3,Chhatar Pur,CPR,New Delhi Raily Station G.No-2 Rest,NDLS,16:19:00,17:49:00,01:30:00,25,REVENUE,D2,Rajghat
1,604,604/3,604/3A,4,604/3A/4,New Delhi Raily Station G.No-2 ,NDLS,Chhatar Pur,CPR,18:25:00,19:55:00,01:30:00,23.9,REVENUE,D1,Rajghat
1,604,604/3,604/3A,5,604/3A/5,Chhatar Pur,CPR,New Delhi Raily Station G.No-2 ,NDLS,20:03:00,21:33:00,01:30:00,25,REVENUE,D2,Rajghat
1,604,604/3,604/3A,6,604/3A/6,New Delhi Raily Station G.No-2 ,NDLS,DEPOT-R307B,DEPOT,21:35:00,21:35:00,00:00:00,4.2,NON-REVENUE,SHUTTLE,Rajghat
1,604,604/4,604/4A,1,604/4A/1,DEPOT-R307B,DEPOT,New Delhi Raily Station G.No-2 ,NDLS,14:35:00,14:50:00,00:15:00,3.9,NON-REVENUE,SHUTTLE,Rajghat
1,604,604/4,604/4A,2,604/4A/2,New Delhi Raily Station G.No-2 ,NDLS,Chhatar Pur,CPR,14:55:00,16:25:00,01:30:00,23.9,REVENUE,D1,Rajghat
1,604,604/4,604/4A,3,604/4A/3,Chhatar Pur,CPR,New Delhi Raily Station G.No-2 Rest,NDLS,16:33:00,18:03:00,01:30:00,25,REVENUE,D2,Rajghat
1,604,604/4,604/4A,4,604/4A/4,New Delhi Raily Station G.No-2 ,NDLS,Chhatar Pur,CPR,18:39:00,20:09:00,01:30:00,23.9,REVENUE,D1,Rajghat
1,604,604/4,604/4A,5,604/4A/5,Chhatar Pur,CPR,New Delhi Raily Station G.No-2 ,NDLS,20:17:00,21:47:00,01:30:00,25,REVENUE,D2,Rajghat
1,604,604/4,604/4A,6,604/4A/6,New Delhi Raily Station G.No-2 ,NDLS,DEPOT-R307B,DEPOT,21:50:00,22:05:00,00:15:00,4.2,NON-REVENUE,SHUTTLE,Rajghat
1,604,604/5,604/5A,1,604/5A/1,DEPOT-R307B,DEPOT,New Delhi Raily Station G.No-2 ,NDLS,14:50:00,15:05:00,00:15:00,3.9,NON-REVENUE,SHUTTLE,Rajghat
1,604,604/5,604/5A,2,604/5A/2,New Delhi Raily Station G.No-2 ,NDLS,Chhatar Pur,CPR,15:09:00,16:39:00,01:30:00,23.9,REVENUE,D1,Rajghat
1,604,604/5,604/5A,3,604/5A/3,Chhatar Pur,CPR,New Delhi Raily Station G.No-2 Rest,NDLS,16:47:00,18:27:00,01:40:00,25,REVENUE,D2,Rajghat
1,604,604/5,604/5A,4,604/5A/4,New Delhi Raily Station G.No-2 ,NDLS,Chhatar Pur,CPR,18:53:00,20:23:00,01:30:00,23.9,REVENUE,D1,Rajghat
1,604,604/5,604/5A,5,604/5A/5,Chhatar Pur,CPR,New Delhi Raily Station G.No-2 ,NDLS,20:31:00,22:01:00,01:30:00,25,REVENUE,D2,Rajghat
1,604,604/5,604/5A,6,604/5A/6,New Delhi Raily Station G.No-2 ,NDLS,DEPOT-R307B,DEPOT,22:05:00,22:20:00,00:15:00,4.2,NON-REVENUE,SHUTTLE,Rajghat
1,604,604/6,604/6A,1,604/6A/1,DEPOT-R307B,DEPOT,New Delhi Raily Station G.No-2 ,NDLS,15:05:00,15:20:00,00:15:00,3.9,NON-REVENUE,SHUTTLE,Rajghat
1,604,604/6,604/6A,2,604/6A/2,New Delhi Raily Station G.No-2 ,NDLS,Chhatar Pur,CPR,15:23:00,16:53:00,01:30:00,23.9,REVENUE,D1,Rajghat
1,604,604/6,604/6A,3,604/6A/3,Chhatar Pur,CPR,New Delhi Raily Station G.No-2 Rest,NDLS,17:01:00,18:31:00,01:30:00,25,REVENUE,D2,Rajghat
1,604,604/6,604/6A,4,604/6A/4,New Delhi Raily Station G.No-2          Rest 08:04-09:40,NDLS,Chhatar Pur,CPR,19:07:00,20:41:00,01:34:00,23.9,REVENUE,D1,Rajghat
1,604,604/6,604/6A,5,604/6A/5,Chhatar Pur,CPR,New Delhi Raily Station G.No-2 ,NDLS,20:45:00,22:15:00,01:30:00,25,REVENUE,D2,Rajghat
1,604,604/6,604/6A,6,604/6A/6,New Delhi Raily Station G.No-2 ,NDLS,DEPOT-R307B,DEPOT,22:20:00,22:35:00,00:15:00,4.2,NON-REVENUE,SHUTTLE,Rajghat
1,604,604/7,604/7A,1,604/7A/1,DEPOT-R307B,DEPOT,New Delhi Raily Station G.No-2 ,NDLS,15:20:00,15:35:00,00:15:00,3.9,NON-REVENUE,SHUTTLE,Rajghat
1,604,604/7,604/7A,2,604/7A/2,New Delhi Raily Station G.No-2 ,NDLS,Chhatar Pur,CPR,15:37:00,17:07:00,01:30:00,23.9,REVENUE,D1,Rajghat
1,604,604/7,604/7A,3,604/7A/3,Chhatar Pur,CPR,New Delhi Raily Station G.No-2 Rest,NDLS,17:15:00,18:45:00,01:30:00,25,REVENUE,D2,Rajghat
1,604,604/7,604/7A,4,604/7A/4,New Delhi Raily Station G.No-2          Rest 09:32-10:08,NDLS,Chhatar Pur,CPR,19:21:00,20:51:00,01:30:00,23.9,REVENUE,D1,Rajghat
1,604,604/7,604/7A,5,604/7A/5,Chhatar Pur,CPR,New Delhi Raily Station G.No-2 ,NDLS,20:59:00,22:29:00,01:30:00,25,REVENUE,D2,Rajghat
1,604,604/7,604/7A,6,604/7A/6,New Delhi Raily Station G.No-2 ,NDLS,DEPOT-R307B,DEPOT,22:35:00,22:50:00,00:15:00,4.2,NON-REVENUE,SHUTTLE,Rajghat
1,604,604/8,604/8A,1,604/8A/1,DEPOT-R307B,DEPOT,New Delhi Raily Station G.No-2 ,NDLS,15:30:00,15:45:00,00:15:00,3.9,NON-REVENUE,SHUTTLE,Rajghat
1,604,604/8,604/8A,2,604/8A/2,New Delhi Raily Station G.No-2 ,NDLS,Chhatar Pur,CPR,15:51:00,17:21:00,01:30:00,23.9,REVENUE,D1,Rajghat
1,604,604/8,604/8A,3,604/8A/3,Chhatar Pur,CPR,New Delhi Raily Station G.No-2 Rest,NDLS,17:29:00,18:59:00,01:30:00,25,REVENUE,D2,Rajghat
1,604,604/8,604/8A,4,604/8A/4,New Delhi Raily Station G.No-2          ,NDLS,Chhatar Pur,CPR,19:35:00,21:05:00,01:30:00,23.9,REVENUE,D1,Rajghat
1,604,604/8,604/8A,5,604/8A/5,Chhatar Pur,CPR,New Delhi Raily Station G.No-2 ,NDLS,21:13:00,22:43:00,01:30:00,25,REVENUE,D2,Rajghat
1,604,604/8,604/8A,6,604/8A/6,New Delhi Raily Station G.No-2 ,NDLS,DEPOT-R307B,DEPOT,22:45:00,23:00:00,00:15:00,4.2,NON-REVENUE,SHUTTLE,Rajghat
1,405,405/1,405/1,1,405/1/1,DEPOT-R-TMS (-),DEPOT,Mori Gate Tr,MORI GATE,04:40:00,04:55:00,00:15:00,6,NON-REVENUE,SHUTTLE,Rajghat
1,405,405/1,405/1,2,405/1/2,Mori Gate Tr,MORI GATE,BadarPur Border,BPR BR,05:01:00,06:38:00,01:37:00,24.6,REVENUE,D1,Rajghat
1,405,405/1,405/1,3,405/1/3,BadarPur Border,BPR BR,Mori Gate Tr,MORI GATE,06:43:00,08:20:00,01:37:00,24.1,REVENUE,D2,Rajghat
1,405,405/1,405/1,4,405/1/4,Mori Gate Tr,MORI GATE,BadarPur Border      Rest 10:02-10:37,BPR BR,08:25:00,10:02:00,01:37:00,24.6,REVENUE,D1,Rajghat
1,405,405/1,405/1,5,405/1/5,BadarPur Border      ,BPR BR,Mori Gate Tr,MORI GATE,10:37:00,12:07:00,01:30:00,24.1,REVENUE,D2,Rajghat
1,405,405/1,405/1,6,405/1/6,Mori Gate Tr,MORI GATE,DEPOT-R-TMS (+),DEPOT,12:10:00,12:30:00,00:20:00,9.5,NON-REVENUE,SHUTTLE,Rajghat
1,405,405/2,405/2,1,405/2/1,DEPOT-R-TMS (-),DEPOT,Mori Gate Tr,MORI GATE,05:05:00,05:20:00,00:15:00,6,NON-REVENUE,SHUTTLE,Rajghat
1,405,405/2,405/2,2,405/2/2,Mori Gate Tr,MORI GATE,BadarPur Border,BPR BR,05:25:00,07:02:00,01:37:00,24.6,REVENUE,D1,Rajghat
1,405,405/2,405/2,3,405/2/3,BadarPur Border,BPR BR,Mori Gate Tr,MORI GATE,07:07:00,08:44:00,01:37:00,24.1,REVENUE,D2,Rajghat
1,405,405/2,405/2,4,405/2/4,Mori Gate Tr,MORI GATE,BadarPur Border      Rest 10:26-11:01,BPR BR,08:49:00,10:26:00,01:37:00,24.6,REVENUE,D1,Rajghat
1,405,405/2,405/2,5,405/2/5,BadarPur Border      ,BPR BR,Mori Gate Tr,MORI GATE,11:01:00,12:31:00,01:30:00,24.1,REVENUE,D2,Rajghat
1,405,405/2,405/2,6,405/2/6,Mori Gate Tr,MORI GATE,DEPOT-R-TMS (+),DEPOT,12:35:00,12:55:00,00:20:00,9.5,NON-REVENUE,SHUTTLE,Rajghat
1,405,405/3,405/3,1,405/3/1,DEPOT-R-TMS (-),DEPOT,Mori Gate Tr,MORI GATE,05:35:00,05:50:00,00:15:00,6,NON-REVENUE,SHUTTLE,Rajghat
1,405,405/3,405/3,2,405/3/2,Mori Gate Tr,MORI GATE,BadarPur Border,BPR BR,05:55:00,07:32:00,01:37:00,24.6,REVENUE,D1,Rajghat
1,405,405/3,405/3,3,405/3/3,BadarPur Border,BPR BR,Mori Gate Tr,MORI GATE,07:37:00,09:14:00,01:37:00,24.1,REVENUE,D2,Rajghat
1,405,405/3,405/3,4,405/3/4,Mori Gate Tr,MORI GATE,BadarPur Border      Rest 10:56-11:31,BPR BR,09:19:00,10:56:00,01:37:00,24.6,REVENUE,D1,Rajghat
1,405,405/3,405/3,5,405/3/5,BadarPur Border      ,BPR BR,Mori Gate Tr,MORI GATE,11:31:00,13:02:00,01:31:00,24.1,REVENUE,D2,Rajghat
1,405,405/3,405/3,6,405/3/6,Mori Gate Tr,MORI GATE,DEPOT-R-TMS (+),DEPOT,13:05:00,13:25:00,00:20:00,9.5,NON-REVENUE,SHUTTLE,Rajghat
1,405,405/4,405/4,1,405/4/1,DEPOT-R-TMS (-),DEPOT,Mori Gate Tr,MORI GATE,06:00:00,06:15:00,00:15:00,6,NON-REVENUE,SHUTTLE,Rajghat
1,405,405/4,405/4,2,405/4/2,Mori Gate Tr,MORI GATE,BadarPur Border,BPR BR,06:19:00,07:56:00,01:37:00,24.6,REVENUE,D1,Rajghat
1,405,405/4,405/4,3,405/4/3,BadarPur Border,BPR BR,Mori Gate Tr,MORI GATE,08:01:00,09:38:00,01:37:00,24.1,REVENUE,D2,Rajghat
1,405,405/4,405/4,4,405/4/4,Mori Gate Tr,MORI GATE,BadarPur Border      Rest 11:20-11:55,BPR BR,09:43:00,11:20:00,01:37:00,24.6,REVENUE,D1,Rajghat
1,405,405/4,405/4,5,405/4/5,BadarPur Border      ,BPR BR,Mori Gate Tr,MORI GATE,11:55:00,13:27:00,01:32:00,24.1,REVENUE,D2,Rajghat
1,405,405/4,405/4,6,405/4/6,Mori Gate Tr,MORI GATE,DEPOT-R-TMS (+),DEPOT,13:30:00,13:50:00,00:20:00,9.5,NON-REVENUE,SHUTTLE,Rajghat
1,405,405/5,405/5,1,405/5/1,DEPOT-R-TMS (-),DEPOT,Mori Gate Tr,MORI GATE,06:35:00,06:50:00,00:15:00,6,NON-REVENUE,SHUTTLE,Rajghat
1,405,405/5,405/5,2,405/5/2,Mori Gate Tr,MORI GATE,BadarPur Border,BPR BR,06:55:00,08:32:00,01:37:00,24.6,REVENUE,D1,Rajghat
1,405,405/5,405/5,3,405/5/3,BadarPur Border,BPR BR,Mori Gate Tr,MORI GATE,08:37:00,10:14:00,01:37:00,24.1,REVENUE,D2,Rajghat
1,405,405/5,405/5,4,405/5/4,Mori Gate Tr,MORI GATE,BadarPur Border      Rest 11:56-12:31,BPR BR,10:19:00,11:56:00,01:37:00,24.6,REVENUE,D1,Rajghat
1,405,405/5,405/5,5,405/5/5,BadarPur Border      ,BPR BR,Mori Gate Tr,MORI GATE,12:31:00,14:03:00,01:32:00,24.1,REVENUE,D2,Rajghat
1,405,405/5,405/5,6,405/5/6,Mori Gate Tr,MORI GATE,DEPOT-R-TMS (+),DEPOT,14:05:00,14:25:00,00:20:00,9.5,NON-REVENUE,SHUTTLE,Rajghat
1,405,405/6,405/6,1,405/6/1,DEPOT-R-TMS (-),DEPOT,Mori Gate Tr,MORI GATE,07:00:00,07:15:00,00:15:00,6,NON-REVENUE,SHUTTLE,Rajghat
1,405,405/6,405/6,2,405/6/2,Mori Gate Tr,MORI GATE,BadarPur Border,BPR BR,07:19:00,08:56:00,01:37:00,24.6,REVENUE,D1,Rajghat
1,405,405/6,405/6,3,405/6/3,BadarPur Border,BPR BR,Mori Gate Tr,MORI GATE,09:01:00,10:38:00,01:37:00,24.1,REVENUE,D2,Rajghat
1,405,405/6,405/6,4,405/6/4,Mori Gate Tr,MORI GATE,BadarPur Border      Rest 12:20-12:55,BPR BR,10:43:00,12:20:00,01:37:00,24.6,REVENUE,D1,Rajghat
1,405,405/6,405/6,5,405/6/5,BadarPur Border      ,BPR BR,Mori Gate Tr,MORI GATE,12:55:00,14:27:00,01:32:00,24.1,REVENUE,D2,Rajghat
1,405,405/6,405/6,6,405/6/6,Mori Gate Tr,MORI GATE,DEPOT-R-TMS (+),DEPOT,14:30:00,14:50:00,00:20:00,9.5,NON-REVENUE,SHUTTLE,Rajghat
1,405,405/7,405/7,1,405/7/1,DEPOT-R-TMS (-),DEPOT,Mori Gate Tr,MORI GATE,07:25:00,07:40:00,00:15:00,6,NON-REVENUE,SHUTTLE,Rajghat
1,405,405/7,405/7,2,405/7/2,Mori Gate Tr,MORI GATE,BadarPur Border,BPR BR,07:43:00,09:20:00,01:37:00,24.6,REVENUE,D1,Rajghat
1,405,405/7,405/7,3,405/7/3,BadarPur Border,BPR BR,Mori Gate Tr,MORI GATE,09:25:00,11:02:00,01:37:00,24.1,REVENUE,D2,Rajghat
1,405,405/7,405/7,4,405/7/4,Mori Gate Tr,MORI GATE,BadarPur Border      Rest 12:44-13:19,BPR BR,11:07:00,12:44:00,01:37:00,24.6,REVENUE,D1,Rajghat
1,405,405/7,405/7,5,405/7/5,BadarPur Border      ,BPR BR,Mori Gate Tr,MORI GATE,13:19:00,14:52:00,01:33:00,24.1,REVENUE,D2,Rajghat
1,405,405/7,405/7,6,405/7/6,Mori Gate Tr,MORI GATE,DEPOT-R-TMS (+),DEPOT,14:55:00,15:15:00,00:20:00,9.5,NON-REVENUE,SHUTTLE,Rajghat
1,405,405/8,405/8,1,405/8/1,DEPOT-R-TMS (-),DEPOT,Mori Gate Tr,MORI GATE,07:50:00,08:05:00,00:15:00,6,NON-REVENUE,SHUTTLE,Rajghat
1,405,405/8,405/8,2,405/8/2,Mori Gate Tr,MORI GATE,BadarPur Border,BPR BR,08:07:00,09:44:00,01:37:00,24.6,REVENUE,D1,Rajghat
1,405,405/8,405/8,3,405/8/3,BadarPur Border,BPR BR,Mori Gate Tr,MORI GATE,09:49:00,11:26:00,01:37:00,24.1,REVENUE,D2,Rajghat
1,405,405/8,405/8,4,405/8/4,Mori Gate Tr,MORI GATE,BadarPur Border      Rest 13:08-13:43,BPR BR,11:31:00,13:08:00,01:37:00,24.6,REVENUE,D1,Rajghat
1,405,405/8,405/8,5,405/8/5,BadarPur Border      ,BPR BR,Mori Gate Tr,MORI GATE,13:43:00,15:17:00,01:34:00,24.1,REVENUE,D2,Rajghat
1,405,405/8,405/8,6,405/8/6,Mori Gate Tr,MORI GATE,DEPOT-R-TMS (+),DEPOT,15:20:00,15:40:00,00:20:00,9.5,NON-REVENUE,SHUTTLE,Rajghat
1,405,405/1,405/1A,1,405/1A/1,DEPOT-R-TMS (-),DEPOT,Mori Gate Tr,MORI GATE,13:55:00,14:10:00,00:15:00,6,NON-REVENUE,SHUTTLE,Rajghat
1,405,405/1,405/1A,2,405/1A/2,Mori Gate Tr,MORI GATE,BadarPur Border,BPR BR,14:13:00,15:50:00,01:37:00,24.6,REVENUE,D1,Rajghat
1,405,405/1,405/1A,3,405/1A/3,BadarPur Border,BPR BR,Mori Gate Tr,MORI GATE,15:55:00,17:32:00,01:37:00,24.1,REVENUE,D2,Rajghat
1,405,405/1,405/1A,4,405/1A/4,Mori Gate Tr,MORI GATE,BadarPur Border      Rest 19:14-19:49,BPR BR,17:35:00,19:14:00,01:39:00,24.6,REVENUE,D1,Rajghat
1,405,405/1,405/1A,5,405/1A/5,BadarPur Border      ,BPR BR,Delhi Gate,DHI GATE,19:49:00,21:10:00,01:21:00,11.2,REVENUE,D3,Rajghat
1,405,405/1,405/1A,6,405/1A/6,Delhi Gate,DHI GATE,               DEPOT-RJD              Route-307B,DEPOT,21:15:00,21:25:00,00:10:00,9.5,NON-REVENUE,SHUTTLE,Rajghat
1,405,405/2,405/2A,1,405/2A/1,DEPOT-R-TMS (-),DEPOT,Mori Gate Tr,MORI GATE,14:20:00,14:35:00,00:15:00,6,NON-REVENUE,SHUTTLE,Rajghat
1,405,405/2,405/2A,2,405/2A/2,Mori Gate Tr,MORI GATE,BadarPur Border,BPR BR,14:37:00,16:14:00,01:37:00,24.6,REVENUE,D1,Rajghat
1,405,405/2,405/2A,3,405/2A/3,BadarPur Border,BPR BR,Mori Gate Tr,MORI GATE,16:19:00,17:56:00,01:37:00,24.1,REVENUE,D2,Rajghat
1,405,405/2,405/2A,4,405/2A/4,Mori Gate Tr,MORI GATE,BadarPur Border      Rest 19:38-20:13,BPR BR,18:01:00,19:38:00,01:37:00,24.6,REVENUE,D1,Rajghat
1,405,405/2,405/2A,5,405/2A/5,BadarPur Border      ,BPR BR,Delhi Gate,DHI GATE,20:13:00,21:35:00,01:22:00,11.2,REVENUE,D3,Rajghat
1,405,405/2,405/2A,6,405/2A/6,Delhi Gate,DHI GATE,               DEPOT-RJD              Route-307B,DEPOT,21:40:00,21:50:00,00:10:00,9.5,NON-REVENUE,SHUTTLE,Rajghat
1,405,405/3,405/3A,1,405/3A/1,DEPOT-R-TMS (-),DEPOT,Mori Gate Tr,MORI GATE,15:00:00,15:15:00,00:15:00,6,NON-REVENUE,SHUTTLE,Rajghat
1,405,405/3,405/3A,2,405/3A/2,Mori Gate Tr,MORI GATE,BadarPur Border,BPR BR,15:20:00,16:57:00,01:37:00,24.6,REVENUE,D1,Rajghat
1,405,405/3,405/3A,3,405/3A/3,BadarPur Border,BPR BR,Mori Gate Tr,MORI GATE,17:02:00,18:38:00,01:36:00,24.1,REVENUE,D2,Rajghat
1,405,405/3,405/3A,4,405/3A/4,Mori Gate Tr,MORI GATE,BadarPur Border      Rest 20:20-20:55,BPR BR,18:43:00,20:20:00,01:37:00,24.6,REVENUE,D1,Rajghat
1,405,405/3,405/3A,5,405/3A/5,BadarPur Border      ,BPR BR,Delhi Gate,DHI GATE,20:55:00,23:13:00,02:18:00,11.2,REVENUE,D3,Rajghat
1,405,405/3,405/3A,6,405/3A/6,Delhi Gate,DHI GATE,               DEPOT-RJD              Route-307B,DEPOT,22:20:00,22:30:00,00:10:00,9.5,NON-REVENUE,SHUTTLE,Rajghat
1,405,405/4,405/4A,1,405/4A/1,DEPOT-R-TMS (-),DEPOT,Mori Gate Tr,MORI GATE,15:25:00,15:40:00,00:15:00,6,NON-REVENUE,SHUTTLE,Rajghat
1,405,405/4,405/4A,2,405/4A/2,Mori Gate Tr,MORI GATE,BadarPur Border,BPR BR,15:44:00,17:21:00,01:37:00,24.6,REVENUE,D1,Rajghat
1,405,405/4,405/4A,3,405/4A/3,BadarPur Border,BPR BR,Mori Gate Tr,MORI GATE,17:26:00,19:02:00,01:36:00,24.1,REVENUE,D2,Rajghat
1,405,405/4,405/4A,4,405/4A/4,Mori Gate Tr,MORI GATE,BadarPur Border      Rest 20:44-21:19,BPR BR,19:07:00,20:44:00,01:37:00,24.6,REVENUE,D1,Rajghat
1,405,405/4,405/4A,5,405/4A/5,BadarPur Border      ,BPR BR,Delhi Gate,DHI GATE,21:19:00,22:42:00,01:23:00,11.2,REVENUE,D3,Rajghat
1,405,405/4,405/4A,6,405/4A/6,Delhi Gate,DHI GATE,               DEPOT-RJD              Route-307B,DEPOT,22:42:00,22:45:00,00:03:00,9.5,NON-REVENUE,SHUTTLE,Rajghat
1,405,405/5,405/5A,1,405/5A/1,DEPOT-R-TMS (-),DEPOT,Mori Gate Tr,MORI GATE,16:00:00,16:15:00,00:15:00,6,NON-REVENUE,SHUTTLE,Rajghat
1,405,405/5,405/5A,2,405/5A/2,Mori Gate Tr,MORI GATE,BadarPur Border,BPR BR,16:20:00,17:57:00,01:37:00,24.6,REVENUE,D1,Rajghat
1,405,405/5,405/5A,3,405/5A/3,BadarPur Border,BPR BR,Mori Gate Tr,MORI GATE,18:02:00,19:38:00,01:36:00,24.1,REVENUE,D2,Rajghat
1,405,405/5,405/5A,4,405/5A/4,Mori Gate Tr,MORI GATE,BadarPur Border      Rest 21:20-21:55,BPR BR,19:43:00,21:20:00,01:37:00,24.6,REVENUE,D1,Rajghat
1,405,405/5,405/5A,5,405/5A/5,BadarPur Border      ,BPR BR,Delhi Gate,DHI GATE,21:55:00,23:17:00,01:22:00,11.2,REVENUE,D3,Rajghat
1,405,405/5,405/5A,6,405/5A/6,Delhi Gate,DHI GATE,               DEPOT-RJD              Route-307B,DEPOT,23:20:00,23:30:00,00:10:00,9.5,NON-REVENUE,SHUTTLE,Rajghat
1,405,405/6,405/6A,1,405/6A/1,DEPOT-R-TMS (-),DEPOT,Mori Gate Tr,MORI GATE,16:25:00,16:40:00,00:15:00,6,NON-REVENUE,SHUTTLE,Rajghat
1,405,405/6,405/6A,2,405/6A/2,Mori Gate Tr,MORI GATE,BadarPur Border,BPR BR,16:44:00,18:21:00,01:37:00,24.6,REVENUE,D1,Rajghat
1,405,405/6,405/6A,3,405/6A/3,BadarPur Border,BPR BR,Mori Gate Tr,MORI GATE,18:26:00,20:02:00,01:36:00,24.1,REVENUE,D2,Rajghat
1,405,405/6,405/6A,4,405/6A/4,Mori Gate Tr,MORI GATE,BadarPur Border      Rest 21:44-22:19,BPR BR,20:07:00,21:44:00,01:37:00,24.6,REVENUE,D1,Rajghat
1,405,405/6,405/6A,5,405/6A/5,BadarPur Border      ,BPR BR,Delhi Gate,DHI GATE,22:19:00,23:42:00,01:23:00,11.2,REVENUE,D3,Rajghat
1,405,405/6,405/6A,6,405/6A/6,Delhi Gate,DHI GATE,               DEPOT-RJD              Route-307B,DEPOT,23:45:00,23:55:00,00:10:00,9.5,NON-REVENUE,SHUTTLE,Rajghat
1,405,405/7,405/7A,1,405/7A/1,DEPOT-R-TMS (-),DEPOT,Mori Gate Tr,MORI GATE,16:50:00,17:05:00,00:15:00,6,NON-REVENUE,SHUTTLE,Rajghat
1,405,405/7,405/7A,2,405/7A/2,Mori Gate Tr,MORI GATE,BadarPur Border,BPR BR,17:08:00,18:45:00,01:37:00,24.6,REVENUE,D1,Rajghat
1,405,405/7,405/7A,3,405/7A/3,BadarPur Border,BPR BR,Mori Gate Tr,MORI GATE,18:50:00,20:26:00,01:36:00,24.1,REVENUE,D2,Rajghat
1,405,405/7,405/7A,4,405/7A/4,Mori Gate Tr,MORI GATE,BadarPur Border      Rest 22:08-22:43,BPR BR,20:31:00,22:08:00,01:37:00,24.6,REVENUE,D1,Rajghat
1,405,405/7,405/7A,5,405/7A/5,BadarPur Border      ,BPR BR,Delhi Gate,DHI GATE,22:43:00,00:07:00,01:24:00,11.2,REVENUE,D3,Rajghat
1,405,405/7,405/7A,6,405/7A/6,Delhi Gate,DHI GATE,               DEPOT-RJD              Route-307B,DEPOT,00:10:00,00:20:00,00:10:00,9.5,NON-REVENUE,SHUTTLE,Rajghat
1,405,405/8,405/8A,1,405/8A/1,DEPOT-R-TMS (-),DEPOT,Mori Gate Tr,MORI GATE,17:15:00,17:30:00,00:15:00,6,NON-REVENUE,SHUTTLE,Rajghat
1,405,405/8,405/8A,2,405/8A/2,Mori Gate Tr,MORI GATE,BadarPur Border,BPR BR,17:32:00,19:09:00,01:37:00,24.6,REVENUE,D1,Rajghat
1,405,405/8,405/8A,3,405/8A/3,BadarPur Border,BPR BR,Mori Gate Tr,MORI GATE,19:14:00,20:30:00,01:16:00,24.1,REVENUE,D2,Rajghat
1,405,405/8,405/8A,4,405/8A/4,Mori Gate Tr,MORI GATE,BadarPur Border      Rest 22:08-22:43,BPR BR,20:55:00,22:32:00,01:37:00,24.6,REVENUE,D1,Rajghat
1,405,405/8,405/8A,5,405/8A/5,BadarPur Border      ,BPR BR,Delhi Gate,DHI GATE,23:07:00,00:31:00,01:24:00,11.2,REVENUE,D3,Rajghat
1,405,405/8,405/8A,6,405/8A/6,Delhi Gate,DHI GATE,               DEPOT-RJD              Route-307B,DEPOT,00:35:00,00:45:00,00:10:00,9.5,NON-REVENUE,SHUTTLE,Rajghat
1,TMS+,TMS+/1,TMS+/1,1,TMS+/1/1,DEPOT-R-TMS(-)SPL,DEPOT,RajGhat (Ring Road),RAJGHAT,04:50:00,04:55:00,00:05:00,1.4,NON-REVENUE,SHUTTLE,Rajghat
1,TMS+,TMS+/1,TMS+/1,2,TMS+/1/2,RajGhat (Ring Road),RAJGHAT,Kashmiri Gate(ISBT) Rest 08:00-08:40,KASH GATE,05:00:00,08:00:00,03:00:00,44.5,REVENUE,D2,Rajghat
1,TMS+,TMS+/1,TMS+/1,3,TMS+/1/3,Kashmiri Gate(ISBT) ,KASH GATE,Kashmiri Gate(ISBT) ,KASH GATE,08:40:00,11:40:00,03:00:00,51,REVENUE,D1,Rajghat
1,TMS+,TMS+/1,TMS+/1,4,TMS+/1/4,Kashmiri Gate(ISBT) ,KASH GATE,DEPOT-R-TMS(+)SPL,DEPOT,11:45:00,12:00:00,00:15:00,8.1,NON-REVENUE,SHUTTLE,Rajghat
1,TMS+,TMS+/2,TMS+/2,1,TMS+/2/1,DEPOT-R-TMS(-)SPL,DEPOT,RajGhat (Ring Road),RAJGHAT,05:30:00,05:35:00,00:05:00,1.4,NON-REVENUE,SHUTTLE,Rajghat
1,TMS+,TMS+/2,TMS+/2,2,TMS+/2/2,RajGhat (Ring Road),RAJGHAT,Kashmiri Gate(ISBT) Rest 8:40-9:20,KASH GATE,05:40:00,08:40:00,03:00:00,44.5,REVENUE,D2,Rajghat
1,TMS+,TMS+/2,TMS+/2,3,TMS+/2/3,Kashmiri Gate(ISBT) ,KASH GATE,Kashmiri Gate(ISBT) ,KASH GATE,09:20:00,12:20:00,03:00:00,51,REVENUE,D1,Rajghat
1,TMS+,TMS+/2,TMS+/2,4,TMS+/2/4,Kashmiri Gate(ISBT) ,KASH GATE,DEPOT-R-TMS(+)SPL,DEPOT,12:25:00,12:40:00,00:15:00,8.1,NON-REVENUE,SHUTTLE,Rajghat
1,TMS+,TMS+/3,TMS+/3,1,TMS+/3/1,DEPOT-R-TMS(-)SPL,DEPOT,RajGhat (Ring Road),RAJGHAT,06:10:00,06:15:00,00:05:00,1.4,NON-REVENUE,SHUTTLE,Rajghat
1,TMS+,TMS+/3,TMS+/3,2,TMS+/3/2,RajGhat (Ring Road),RAJGHAT,Kashmiri Gate(ISBT) Rest 9:20-10:00,KASH GATE,06:20:00,09:20:00,03:00:00,44.5,REVENUE,D2,Rajghat
1,TMS+,TMS+/3,TMS+/3,3,TMS+/3/3,Kashmiri Gate(ISBT) ,KASH GATE,Kashmiri Gate(ISBT) ,KASH GATE,10:00:00,13:00:00,03:00:00,51,REVENUE,D1,Rajghat
1,TMS+,TMS+/3,TMS+/3,4,TMS+/3/4,Kashmiri Gate(ISBT) ,KASH GATE,DEPOT-R-TMS(+)SPL,DEPOT,13:05:00,13:20:00,00:15:00,8.1,NON-REVENUE,SHUTTLE,Rajghat
1,TMS+,TMS+/4,TMS+/4,1,TMS+/4/1,DEPOT-R-TMS(-)SPL,DEPOT,RajGhat (Ring Road),RAJGHAT,06:30:00,06:35:00,00:05:00,1.4,NON-REVENUE,SHUTTLE,Rajghat
1,TMS+,TMS+/4,TMS+/4,2,TMS+/4/2,RajGhat (Ring Road),RAJGHAT,Kashmiri Gate(ISBT) Rest 09:40-10:20,KASH GATE,06:40:00,09:40:00,03:00:00,44.5,REVENUE,D2,Rajghat
1,TMS+,TMS+/4,TMS+/4,3,TMS+/4/3,Kashmiri Gate(ISBT) ,KASH GATE,Kashmiri Gate(ISBT) ,KASH GATE,10:20:00,13:20:00,03:00:00,51,REVENUE,D1,Rajghat
1,TMS+,TMS+/4,TMS+/4,4,TMS+/4/4,Kashmiri Gate(ISBT) ,KASH GATE,DEPOT-R-TMS(+)SPL,DEPOT,13:25:00,13:40:00,00:15:00,8.1,NON-REVENUE,SHUTTLE,Rajghat
1,TMS+,TMS+/5,TMS+/5,1,TMS+/5/1,DEPOT-R-TMS(-)SPL,DEPOT,RajGhat (Ring Road),RAJGHAT,06:50:00,06:55:00,00:05:00,1.4,NON-REVENUE,SHUTTLE,Rajghat
1,TMS+,TMS+/5,TMS+/5,2,TMS+/5/2,RajGhat (Ring Road),RAJGHAT,Kashmiri Gate(ISBT) Rest 10:00-10:40,KASH GATE,07:00:00,10:00:00,03:00:00,44.5,REVENUE,D2,Rajghat
1,TMS+,TMS+/5,TMS+/5,3,TMS+/5/3,Kashmiri Gate(ISBT) ,KASH GATE,Kashmiri Gate(ISBT) ,KASH GATE,10:40:00,13:40:00,03:00:00,51,REVENUE,D1,Rajghat
1,TMS+,TMS+/5,TMS+/5,4,TMS+/5/4,Kashmiri Gate(ISBT) ,KASH GATE,DEPOT-R-TMS(+)SPL,DEPOT,13:45:00,14:00:00,00:15:00,8.1,NON-REVENUE,SHUTTLE,Rajghat
1,TMS+,TMS+/6,TMS+/6,1,TMS+/6/1,DEPOT-R-TMS(-)SPL,DEPOT,RajGhat (Ring Road),RAJGHAT,07:10:00,07:15:00,00:05:00,1.4,NON-REVENUE,SHUTTLE,Rajghat
1,TMS+,TMS+/6,TMS+/6,2,TMS+/6/2,RajGhat (Ring Road),RAJGHAT,Kashmiri Gate(ISBT) Rest 10:20-11:00,KASH GATE,07:20:00,10:20:00,03:00:00,44.5,REVENUE,D2,Rajghat
1,TMS+,TMS+/6,TMS+/6,3,TMS+/6/3,Kashmiri Gate(ISBT) ,KASH GATE,Kashmiri Gate(ISBT) ,KASH GATE,11:00:00,14:00:00,03:00:00,51,REVENUE,D1,Rajghat
1,TMS+,TMS+/6,TMS+/6,4,TMS+/6/4,Kashmiri Gate(ISBT) ,KASH GATE,DEPOT-R-TMS(+)SPL,DEPOT,14:05:00,14:20:00,00:15:00,8.1,NON-REVENUE,SHUTTLE,Rajghat
1,TMS+,TMS+/7,TMS+/7,1,TMS+/7/1,DEPOT-R-TMS(-)SPL,DEPOT,RajGhat (Ring Road),RAJGHAT,07:30:00,07:35:00,00:05:00,1.4,NON-REVENUE,SHUTTLE,Rajghat
1,TMS+,TMS+/7,TMS+/7,2,TMS+/7/2,RajGhat (Ring Road),RAJGHAT,Kashmiri Gate(ISBT) Rest10:40-11:20,KASH GATE,07:40:00,10:40:00,03:00:00,44.5,REVENUE,D2,Rajghat
1,TMS+,TMS+/7,TMS+/7,3,TMS+/7/3,Kashmiri Gate(ISBT) ,KASH GATE,Kashmiri Gate(ISBT) ,KASH GATE,11:00:00,14:00:00,03:00:00,51,REVENUE,D1,Rajghat
1,TMS+,TMS+/7,TMS+/7,4,TMS+/7/4,Kashmiri Gate(ISBT) ,KASH GATE,DEPOT-R-TMS(+)SPL,DEPOT,14:05:00,14:20:00,00:15:00,8.1,NON-REVENUE,SHUTTLE,Rajghat
1,TMS+,TMS+/8,TMS+/8,1,TMS+/8/1,DEPOT-R-TMS(-)SPL,DEPOT,RajGhat (Ring Road),RAJGHAT,07:50:00,07:55:00,00:05:00,1.4,NON-REVENUE,SHUTTLE,Rajghat
1,TMS+,TMS+/8,TMS+/8,2,TMS+/8/2,RajGhat (Ring Road),RAJGHAT,Kashmiri Gate(ISBT) Rest 11:00-11:40,KASH GATE,08:00:00,11:00:00,03:00:00,44.5,REVENUE,D2,Rajghat
1,TMS+,TMS+/8,TMS+/8,3,TMS+/8/3,Kashmiri Gate(ISBT) ,KASH GATE,Kashmiri Gate(ISBT) ,KASH GATE,11:40:00,14:40:00,03:00:00,51,REVENUE,D1,Rajghat
1,TMS+,TMS+/8,TMS+/8,4,TMS+/8/4,Kashmiri Gate(ISBT) ,KASH GATE,DEPOT-R-TMS(+)SPL,DEPOT,14:45:00,15:00:00,00:15:00,8.1,NON-REVENUE,SHUTTLE,Rajghat
1,TMS+,TMS+/9,TMS+/9,1,TMS+/9/1,DEPOT-R-TMS(-)SPL,DEPOT,RajGhat (Ring Road),RAJGHAT,08:10:00,08:15:00,00:05:00,1.4,NON-REVENUE,SHUTTLE,Rajghat
1,TMS+,TMS+/9,TMS+/9,2,TMS+/9/2,RajGhat (Ring Road),RAJGHAT,Kashmiri Gate(ISBT) Rest 11:20-12:00,KASH GATE,08:20:00,11:20:00,03:00:00,44.5,REVENUE,D2,Rajghat
1,TMS+,TMS+/9,TMS+/9,3,TMS+/9/3,Kashmiri Gate(ISBT) ,KASH GATE,Kashmiri Gate(ISBT) ,KASH GATE,12:00:00,15:00:00,03:00:00,51,REVENUE,D1,Rajghat
1,TMS+,TMS+/9,TMS+/9,4,TMS+/9/4,Kashmiri Gate(ISBT) ,KASH GATE,DEPOT-R-TMS(+)SPL,DEPOT,15:05:00,15:20:00,00:15:00,8.1,NON-REVENUE,SHUTTLE,Rajghat
1,TMS+,TMS+/1,TMS+/1A,1,TMS+/1A/1,DEPOT-R-TMS(-)SPL,DEPOT,RajGhat (Ring Road),RAJGHAT,13:40:00,13:45:00,00:05:00,1.4,NON-REVENUE,SHUTTLE,Rajghat
1,TMS+,TMS+/1,TMS+/1A,2,TMS+/1A/2,RajGhat (Ring Road),RAJGHAT,Kashmiri Gate(ISBT) Rest 16:50-17:30,KASH GATE,13:50:00,16:50:00,03:00:00,44.5,REVENUE,D2,Rajghat
1,TMS+,TMS+/1,TMS+/1A,3,TMS+/1A/3,Kashmiri Gate(ISBT) ,KASH GATE,Kashmiri Gate(ISBT) ,KASH GATE,17:30:00,20:30:00,03:00:00,51,REVENUE,D1,Rajghat
1,TMS+,TMS+/1,TMS+/1A,4,TMS+/1A/4,Kashmiri Gate(ISBT) ,KASH GATE,DEPOT-R-TMS(+)SPL,DEPOT,20:35:00,20:50:00,00:15:00,8.1,NON-REVENUE,SHUTTLE,Rajghat
1,TMS+,TMS+/2,TMS+/2A,1,TMS+/2A/1,DEPOT-R-TMS(-)SPL,DEPOT,RajGhat (Ring Road),RAJGHAT,14:20:00,14:25:00,00:05:00,1.4,NON-REVENUE,SHUTTLE,Rajghat
1,TMS+,TMS+/2,TMS+/2A,2,TMS+/2A/2,RajGhat (Ring Road),RAJGHAT,Kashmiri Gate(ISBT) Rest 17:30-18:10,KASH GATE,14:30:00,17:30:00,03:00:00,44.5,REVENUE,D2,Rajghat
1,TMS+,TMS+/2,TMS+/2A,3,TMS+/2A/3,Kashmiri Gate(ISBT) ,KASH GATE,Kashmiri Gate(ISBT) ,KASH GATE,18:10:00,21:10:00,03:00:00,51,REVENUE,D1,Rajghat
1,TMS+,TMS+/2,TMS+/2A,4,TMS+/2A/4,Kashmiri Gate(ISBT) ,KASH GATE,DEPOT-R-TMS(+)SPL,DEPOT,21:15:00,21:30:00,00:15:00,8.1,NON-REVENUE,SHUTTLE,Rajghat
1,TMS+,TMS+/3,TMS+/3A,1,TMS+/3A/1,DEPOT-R-TMS(-)SPL,DEPOT,RajGhat (Ring Road),RAJGHAT,15:00:00,15:05:00,00:05:00,1.4,NON-REVENUE,SHUTTLE,Rajghat
1,TMS+,TMS+/3,TMS+/3A,2,TMS+/3A/2,RajGhat (Ring Road),RAJGHAT,Kashmiri Gate(ISBT) Rest 18:10-18:50,KASH GATE,15:10:00,18:10:00,03:00:00,44.5,REVENUE,D2,Rajghat
1,TMS+,TMS+/3,TMS+/3A,3,TMS+/3A/3,Kashmiri Gate(ISBT) ,KASH GATE,Kashmiri Gate(ISBT) ,KASH GATE,18:50:00,21:50:00,03:00:00,51,REVENUE,D1,Rajghat
1,TMS+,TMS+/3,TMS+/3A,4,TMS+/3A/4,Kashmiri Gate(ISBT) ,KASH GATE,DEPOT-R-TMS(+)SPL,DEPOT,21:55:00,22:00:00,00:05:00,8.1,NON-REVENUE,SHUTTLE,Rajghat
1,TMS+,TMS+/4,TMS+/4A,1,TMS+/4A/1,DEPOT-R-TMS(-)SPL,DEPOT,RajGhat (Ring Road),RAJGHAT,15:20:00,15:25:00,00:05:00,1.4,NON-REVENUE,SHUTTLE,Rajghat
1,TMS+,TMS+/4,TMS+/4A,2,TMS+/4A/2,RajGhat (Ring Road),RAJGHAT,Kashmiri Gate(ISBT) Rest 18:30-19:10,KASH GATE,15:30:00,18:30:00,03:00:00,44.5,REVENUE,D2,Rajghat
1,TMS+,TMS+/4,TMS+/4A,3,TMS+/4A/3,Kashmiri Gate(ISBT) ,KASH GATE,Kashmiri Gate(ISBT) ,KASH GATE,19:10:00,22:10:00,03:00:00,51,REVENUE,D1,Rajghat
1,TMS+,TMS+/4,TMS+/4A,4,TMS+/4A/4,Kashmiri Gate(ISBT) ,KASH GATE,DEPOT-R-TMS(+)SPL,DEPOT,22:20:00,22:35:00,00:15:00,8.1,NON-REVENUE,SHUTTLE,Rajghat
1,TMS+,TMS+/5,TMS+/5A,1,TMS+/5A/1,DEPOT-R-TMS(-)SPL,DEPOT,RajGhat (Ring Road),RAJGHAT,15:40:00,15:45:00,00:05:00,1.4,NON-REVENUE,SHUTTLE,Rajghat
1,TMS+,TMS+/5,TMS+/5A,2,TMS+/5A/2,RajGhat (Ring Road),RAJGHAT,Kashmiri Gate(ISBT) Rest 18:50-19:30,KASH GATE,15:50:00,18:50:00,03:00:00,44.5,REVENUE,D2,Rajghat
1,TMS+,TMS+/5,TMS+/5A,3,TMS+/5A/3,Kashmiri Gate(ISBT) ,KASH GATE,Kashmiri Gate(ISBT) ,KASH GATE,19:30:00,22:30:00,03:00:00,51,REVENUE,D1,Rajghat
1,TMS+,TMS+/5,TMS+/5A,4,TMS+/5A/4,Kashmiri Gate(ISBT) ,KASH GATE,DEPOT-R-TMS(+)SPL,DEPOT,22:35:00,22:50:00,00:15:00,8.1,NON-REVENUE,SHUTTLE,Rajghat
1,TMS+,TMS+/6,TMS+/6A,1,TMS+/6A/1,DEPOT-R-TMS(-)SPL,DEPOT,RajGhat (Ring Road),RAJGHAT,16:00:00,16:05:00,00:05:00,1.4,NON-REVENUE,SHUTTLE,Rajghat
1,TMS+,TMS+/6,TMS+/6A,2,TMS+/6A/2,RajGhat (Ring Road),RAJGHAT,Kashmiri Gate(ISBT) Rest 10:20-11:00,KASH GATE,16:10:00,19:10:00,03:00:00,44.5,REVENUE,D2,Rajghat
1,TMS+,TMS+/6,TMS+/6A,3,TMS+/6A/3,Kashmiri Gate(ISBT) ,KASH GATE,Kashmiri Gate(ISBT) ,KASH GATE,19:50:00,22:50:00,03:00:00,51,REVENUE,D1,Rajghat
1,TMS+,TMS+/6,TMS+/6A,4,TMS+/6A/4,Kashmiri Gate(ISBT) ,KASH GATE,DEPOT-R-TMS(+)SPL,DEPOT,22:55:00,23:10:00,00:15:00,8.1,NON-REVENUE,SHUTTLE,Rajghat
1,TMS+,TMS+/7,TMS+/7A,1,TMS+/7A/1,DEPOT-R-TMS(-)SPL,DEPOT,RajGhat (Ring Road),RAJGHAT,16:20:00,16:25:00,00:05:00,1.4,NON-REVENUE,SHUTTLE,Rajghat
1,TMS+,TMS+/7,TMS+/7A,2,TMS+/7A/2,RajGhat (Ring Road),RAJGHAT,Kashmiri Gate(ISBT) Rest 19:30-20:10,KASH GATE,16:30:00,19:30:00,03:00:00,44.5,REVENUE,D2,Rajghat
1,TMS+,TMS+/7,TMS+/7A,3,TMS+/7A/3,Kashmiri Gate(ISBT) ,KASH GATE,Kashmiri Gate(ISBT) ,KASH GATE,20:10:00,23:10:00,03:00:00,51,REVENUE,D1,Rajghat
1,TMS+,TMS+/7,TMS+/7A,4,TMS+/7A/4,Kashmiri Gate(ISBT) ,KASH GATE,DEPOT-R-TMS(+)SPL,DEPOT,23:15:00,23:30:00,00:15:00,8.1,NON-REVENUE,SHUTTLE,Rajghat
1,TMS+,TMS+/8,TMS+/8A,1,TMS+/8A/1,DEPOT-R-TMS(-)SPL,DEPOT,RajGhat (Ring Road),RAJGHAT,16:40:00,16:45:00,00:05:00,1.4,NON-REVENUE,SHUTTLE,Rajghat
1,TMS+,TMS+/8,TMS+/8A,2,TMS+/8A/2,RajGhat (Ring Road),RAJGHAT,Kashmiri Gate(ISBT) Rest 19:50-20:30,KASH GATE,16:50:00,19:50:00,03:00:00,44.5,REVENUE,D2,Rajghat
1,TMS+,TMS+/8,TMS+/8A,3,TMS+/8A/3,Kashmiri Gate(ISBT) ,KASH GATE,Kashmiri Gate(ISBT) ,KASH GATE,20:30:00,23:10:00,02:40:00,51,REVENUE,D1,Rajghat
1,TMS+,TMS+/8,TMS+/8A,4,TMS+/8A/4,Kashmiri Gate(ISBT) ,KASH GATE,DEPOT-R-TMS(+)SPL,DEPOT,23:15:00,23:15:00,00:00:00,8.1,NON-REVENUE,SHUTTLE,Rajghat
1,TMS+,TMS+/9,TMS+/9A,1,TMS+/9A/1,DEPOT-R-TMS(-)SPL,DEPOT,RajGhat (Ring Road),RAJGHAT,17:00:00,17:05:00,00:05:00,1.4,NON-REVENUE,SHUTTLE,Rajghat
1,TMS+,TMS+/9,TMS+/9A,2,TMS+/9A/2,RajGhat (Ring Road),RAJGHAT,Kashmiri Gate(ISBT) Rest 20:10-20:50,KASH GATE,17:10:00,20:10:00,03:00:00,44.5,REVENUE,D2,Rajghat
1,TMS+,TMS+/9,TMS+/9A,3,TMS+/9A/3,Kashmiri Gate(ISBT) ,KASH GATE,Kashmiri Gate(ISBT) ,KASH GATE,20:50:00,23:50:00,03:00:00,51,REVENUE,D1,Rajghat
1,TMS+,TMS+/9,TMS+/9A,4,TMS+/9A/4,Kashmiri Gate(ISBT) ,KASH GATE,DEPOT-R-TMS(+)SPL,DEPOT,23:55:00,00:10:00,00:15:00,8.1,NON-REVENUE,SHUTTLE,Rajghat
1,TMS-,TMS-/1,TMS-/1,1,TMS-/1/1,DEPOT-R-TMS (-),DEPOT,KASHMIRI GATE(ISBT),KASH GATE,04:40:00,04:55:00,00:15:00,4.9,NON-REVENUE,SHUTTLE,Rajghat
1,TMS-,TMS-/1,TMS-/1,2,TMS-/1/2,KASHMIRI GATE(ISBT),KASH GATE,KASHMIRI              GATE(ISBT)                 Rest 08:00-8:40,KASH GATE,05:00:00,08:00:00,03:00:00,51.4,REVENUE,D1,Rajghat
1,TMS-,TMS-/1,TMS-/1,3,TMS-/1/3,KASHMIRI GATE(ISBT),KASH GATE,RajGhat (RingRoad),RAJGHAT,08:40:00,11:40:00,03:00:00,46.3,REVENUE,D2,Rajghat
1,TMS-,TMS-/1,TMS-/1,4,TMS-/1/4,RajGhat (RingRoad),RAJGHAT,DEPOT-R-TMS (+)SPL,DEPOT,11:45:00,11:50:00,00:05:00,1.4,NON-REVENUE,SHUTTLE,Rajghat
1,TMS-,TMS-/2,TMS-/2,1,TMS-/2/1,DEPOT-R-TMS (-),DEPOT,KASHMIRI GATE(ISBT),KASH GATE,05:20:00,05:35:00,00:15:00,4.9,NON-REVENUE,SHUTTLE,Rajghat
1,TMS-,TMS-/2,TMS-/2,2,TMS-/2/2,KASHMIRI GATE(ISBT),KASH GATE,KASHMIRI              GATE(ISBT)                 Rest 8:40-9:20,KASH GATE,05:40:00,08:40:00,03:00:00,51.4,REVENUE,D1,Rajghat
1,TMS-,TMS-/2,TMS-/2,3,TMS-/2/3,KASHMIRI GATE(ISBT),KASH GATE,RajGhat (RingRoad),RAJGHAT,09:20:00,12:20:00,03:00:00,46.3,REVENUE,D2,Rajghat
1,TMS-,TMS-/2,TMS-/2,4,TMS-/2/4,RajGhat (RingRoad),RAJGHAT,DEPOT-R-TMS (+)SPL,DEPOT,12:25:00,12:30:00,00:05:00,1.4,NON-REVENUE,SHUTTLE,Rajghat
1,TMS-,TMS-/3,TMS-/3,1,TMS-/3/1,DEPOT-R-TMS (-),DEPOT,KASHMIRI GATE(ISBT),KASH GATE,06:00:00,06:15:00,00:15:00,4.9,NON-REVENUE,SHUTTLE,Rajghat
1,TMS-,TMS-/3,TMS-/3,2,TMS-/3/2,KASHMIRI GATE(ISBT),KASH GATE,KASHMIRI              GATE(ISBT)                 Rest 9:20-10:00,KASH GATE,06:20:00,09:20:00,03:00:00,51.4,REVENUE,D1,Rajghat
1,TMS-,TMS-/3,TMS-/3,3,TMS-/3/3,KASHMIRI GATE(ISBT),KASH GATE,RajGhat (RingRoad),RAJGHAT,10:00:00,13:00:00,03:00:00,46.3,REVENUE,D2,Rajghat
1,TMS-,TMS-/3,TMS-/3,4,TMS-/3/4,RajGhat (RingRoad),RAJGHAT,DEPOT-R-TMS (+)SPL,DEPOT,13:05:00,13:10:00,00:05:00,1.4,NON-REVENUE,SHUTTLE,Rajghat
1,TMS-,TMS-/4,TMS-/4,1,TMS-/4/1,DEPOT-R-TMS (-),DEPOT,KASHMIRI GATE(ISBT),KASH GATE,06:20:00,06:35:00,00:15:00,4.9,NON-REVENUE,SHUTTLE,Rajghat
1,TMS-,TMS-/4,TMS-/4,2,TMS-/4/2,KASHMIRI GATE(ISBT),KASH GATE,KASHMIRI              GATE(ISBT)                 Rest 9:40-10:20,KASH GATE,06:40:00,09:40:00,03:00:00,51.4,REVENUE,D1,Rajghat
1,TMS-,TMS-/4,TMS-/4,3,TMS-/4/3,KASHMIRI GATE(ISBT),KASH GATE,RajGhat (RingRoad),RAJGHAT,10:20:00,13:20:00,03:00:00,46.3,REVENUE,D2,Rajghat
1,TMS-,TMS-/4,TMS-/4,4,TMS-/4/4,RajGhat (RingRoad),RAJGHAT,DEPOT-R-TMS (+)SPL,DEPOT,13:25:00,13:30:00,00:05:00,1.4,NON-REVENUE,SHUTTLE,Rajghat
1,TMS-,TMS-/5,TMS-/5,1,TMS-/5/1,DEPOT-R-TMS (-),DEPOT,KASHMIRI GATE(ISBT),KASH GATE,06:40:00,06:55:00,00:15:00,4.9,NON-REVENUE,SHUTTLE,Rajghat
1,TMS-,TMS-/5,TMS-/5,2,TMS-/5/2,KASHMIRI GATE(ISBT),KASH GATE,KASHMIRI              GATE(ISBT)                 Rest 9:40-10:20,KASH GATE,07:00:00,10:00:00,03:00:00,51.4,REVENUE,D1,Rajghat
1,TMS-,TMS-/5,TMS-/5,3,TMS-/5/3,KASHMIRI GATE(ISBT),KASH GATE,RajGhat (RingRoad),RAJGHAT,10:40:00,13:40:00,03:00:00,46.3,REVENUE,D2,Rajghat
1,TMS-,TMS-/5,TMS-/5,4,TMS-/5/4,RajGhat (RingRoad),RAJGHAT,DEPOT-R-TMS (+)SPL,DEPOT,13:45:00,13:50:00,00:05:00,1.4,NON-REVENUE,SHUTTLE,Rajghat
1,TMS-,TMS-/6,TMS-/6,1,TMS-/6/1,DEPOT-R-TMS (-),DEPOT,KASHMIRI GATE(ISBT),KASH GATE,07:00:00,07:15:00,00:15:00,4.9,NON-REVENUE,SHUTTLE,Rajghat
1,TMS-,TMS-/6,TMS-/6,2,TMS-/6/2,KASHMIRI GATE(ISBT),KASH GATE,KASHMIRI              GATE(ISBT)                 Rest 10:20-11:00,KASH GATE,07:20:00,10:20:00,03:00:00,51.4,REVENUE,D1,Rajghat
1,TMS-,TMS-/6,TMS-/6,3,TMS-/6/3,KASHMIRI GATE(ISBT),KASH GATE,RajGhat (RingRoad),RAJGHAT,11:00:00,14:02:00,03:02:00,46.3,REVENUE,D2,Rajghat
1,TMS-,TMS-/6,TMS-/6,4,TMS-/6/4,RajGhat (RingRoad),RAJGHAT,DEPOT-R-TMS (+)SPL,DEPOT,14:05:00,14:10:00,00:05:00,1.4,NON-REVENUE,SHUTTLE,Rajghat
1,TMS-,TMS-/7,TMS-/7,1,TMS-/7/1,DEPOT-R-TMS (-),DEPOT,KASHMIRI GATE(ISBT),KASH GATE,07:20:00,07:35:00,00:15:00,4.9,NON-REVENUE,SHUTTLE,Rajghat
1,TMS-,TMS-/7,TMS-/7,2,TMS-/7/2,KASHMIRI GATE(ISBT),KASH GATE,KASHMIRI              GATE(ISBT)                 Rest 10:20-11:00,KASH GATE,07:40:00,10:40:00,03:00:00,51.4,REVENUE,D1,Rajghat
1,TMS-,TMS-/7,TMS-/7,3,TMS-/7/3,KASHMIRI GATE(ISBT),KASH GATE,RajGhat (RingRoad),RAJGHAT,11:20:00,14:20:00,03:00:00,46.3,REVENUE,D2,Rajghat
1,TMS-,TMS-/7,TMS-/7,4,TMS-/7/4,RajGhat (RingRoad),RAJGHAT,DEPOT-R-TMS (+)SPL,DEPOT,14:25:00,14:30:00,00:05:00,1.4,NON-REVENUE,SHUTTLE,Rajghat
1,TMS-,TMS-/8,TMS-/8,1,TMS-/8/1,DEPOT-R-TMS (-),DEPOT,KASHMIRI GATE(ISBT),KASH GATE,07:40:00,07:55:00,00:15:00,4.9,NON-REVENUE,SHUTTLE,Rajghat
1,TMS-,TMS-/8,TMS-/8,2,TMS-/8/2,KASHMIRI GATE(ISBT),KASH GATE,KASHMIRI              GATE(ISBT)                 Rest 11:00-11:40,KASH GATE,08:00:00,11:00:00,03:00:00,51.4,REVENUE,D1,Rajghat
1,TMS-,TMS-/8,TMS-/8,3,TMS-/8/3,KASHMIRI GATE(ISBT),KASH GATE,RajGhat (RingRoad),RAJGHAT,11:40:00,14:40:00,03:00:00,46.3,REVENUE,D2,Rajghat
1,TMS-,TMS-/8,TMS-/8,4,TMS-/8/4,RajGhat (RingRoad),RAJGHAT,DEPOT-R-TMS (+)SPL,DEPOT,14:45:00,14:50:00,00:05:00,1.4,NON-REVENUE,SHUTTLE,Rajghat
1,TMS-,TMS-/9,TMS-/9,1,TMS-/9/1,DEPOT-R-TMS (-),DEPOT,KASHMIRI GATE(ISBT),KASH GATE,08:00:00,08:15:00,00:15:00,4.9,NON-REVENUE,SHUTTLE,Rajghat
1,TMS-,TMS-/9,TMS-/9,2,TMS-/9/2,KASHMIRI GATE(ISBT),KASH GATE,KASHMIRI              GATE(ISBT)                 Rest 11:20-12:00,KASH GATE,08:20:00,11:20:00,03:00:00,51.4,REVENUE,D1,Rajghat
1,TMS-,TMS-/9,TMS-/9,3,TMS-/9/3,KASHMIRI GATE(ISBT),KASH GATE,RajGhat (RingRoad),RAJGHAT,12:00:00,15:00:00,03:00:00,46.3,REVENUE,D2,Rajghat
1,TMS-,TMS-/9,TMS-/9,4,TMS-/9/4,RajGhat (RingRoad),RAJGHAT,DEPOT-R-TMS (+)SPL,DEPOT,15:05:00,15:10:00,00:05:00,1.4,NON-REVENUE,SHUTTLE,Rajghat
1,TMS-,TMS-/1,TMS-/1A,1,TMS-/1A/1,DEPOT-R-TMS (-),DEPOT,KASHMIRI GATE(ISBT),KASH GATE,13:30:00,13:45:00,00:15:00,4.9,NON-REVENUE,SHUTTLE,Rajghat
1,TMS-,TMS-/1,TMS-/1A,2,TMS-/1A/2,KASHMIRI GATE(ISBT),KASH GATE,KASHMIRI              GATE(ISBT)                 Rest 16:50-17:30,KASH GATE,13:50:00,16:50:00,03:00:00,51.4,REVENUE,D1,Rajghat
1,TMS-,TMS-/1,TMS-/1A,3,TMS-/1A/3,KASHMIRI GATE(ISBT),KASH GATE,RajGhat (RingRoad),RAJGHAT,17:30:00,20:30:00,03:00:00,46.3,REVENUE,D2,Rajghat
1,TMS-,TMS-/1,TMS-/1A,4,TMS-/1A/4,RajGhat (RingRoad),RAJGHAT,DEPOT-R-TMS (+)SPL,DEPOT,20:35:00,20:40:00,00:05:00,1.4,NON-REVENUE,SHUTTLE,Rajghat
1,TMS-,TMS-/2,TMS-/2A,1,TMS-/2A/1,DEPOT-R-TMS (-),DEPOT,KASHMIRI GATE(ISBT),KASH GATE,14:10:00,14:25:00,00:15:00,4.9,NON-REVENUE,SHUTTLE,Rajghat
1,TMS-,TMS-/2,TMS-/2A,2,TMS-/2A/2,KASHMIRI GATE(ISBT),KASH GATE,KASHMIRI              GATE(ISBT)                 Rest 17:30-18:10,KASH GATE,14:30:00,17:30:00,03:00:00,51.4,REVENUE,D1,Rajghat
1,TMS-,TMS-/2,TMS-/2A,3,TMS-/2A/3,KASHMIRI GATE(ISBT),KASH GATE,RajGhat (RingRoad),RAJGHAT,18:10:00,21:10:00,03:00:00,46.3,REVENUE,D2,Rajghat
1,TMS-,TMS-/2,TMS-/2A,4,TMS-/2A/4,RajGhat (RingRoad),RAJGHAT,DEPOT-R-TMS (+)SPL,DEPOT,21:15:00,21:20:00,00:05:00,1.4,NON-REVENUE,SHUTTLE,Rajghat
1,TMS-,TMS-/3,TMS-/3A,1,TMS-/3A/1,DEPOT-R-TMS (-),DEPOT,KASHMIRI GATE(ISBT),KASH GATE,14:50:00,15:05:00,00:15:00,4.9,NON-REVENUE,SHUTTLE,Rajghat
1,TMS-,TMS-/3,TMS-/3A,2,TMS-/3A/2,KASHMIRI GATE(ISBT),KASH GATE,KASHMIRI              GATE(ISBT)                 Rest 18:10-18:50,KASH GATE,15:10:00,18:10:00,03:00:00,51.4,REVENUE,D1,Rajghat
1,TMS-,TMS-/3,TMS-/3A,3,TMS-/3A/3,KASHMIRI GATE(ISBT),KASH GATE,RajGhat (RingRoad),RAJGHAT,18:50:00,21:50:00,03:00:00,46.3,REVENUE,D2,Rajghat
1,TMS-,TMS-/3,TMS-/3A,4,TMS-/3A/4,RajGhat (RingRoad),RAJGHAT,DEPOT-R-TMS (+)SPL,DEPOT,21:55:00,22:00:00,00:05:00,1.4,NON-REVENUE,SHUTTLE,Rajghat
1,TMS-,TMS-/4,TMS-/4A,1,TMS-/4A/1,DEPOT-R-TMS (-),DEPOT,KASHMIRI GATE(ISBT),KASH GATE,15:10:00,15:25:00,00:15:00,4.9,NON-REVENUE,SHUTTLE,Rajghat
1,TMS-,TMS-/4,TMS-/4A,2,TMS-/4A/2,KASHMIRI GATE(ISBT),KASH GATE,KASHMIRI              GATE(ISBT)                 Rest 18:30-19:10,KASH GATE,15:30:00,18:30:00,03:00:00,51.4,REVENUE,D1,Rajghat
1,TMS-,TMS-/4,TMS-/4A,3,TMS-/4A/3,KASHMIRI GATE(ISBT),KASH GATE,RajGhat (RingRoad),RAJGHAT,19:10:00,22:10:00,03:00:00,46.3,REVENUE,D2,Rajghat
1,TMS-,TMS-/4,TMS-/4A,4,TMS-/4A/4,RajGhat (RingRoad),RAJGHAT,DEPOT-R-TMS (+)SPL,DEPOT,22:15:00,22:20:00,00:05:00,1.4,NON-REVENUE,SHUTTLE,Rajghat
1,TMS-,TMS-/5,TMS-/5A,1,TMS-/5A/1,DEPOT-R-TMS (-),DEPOT,KASHMIRI GATE(ISBT),KASH GATE,15:30:00,15:45:00,00:15:00,4.9,NON-REVENUE,SHUTTLE,Rajghat
1,TMS-,TMS-/5,TMS-/5A,2,TMS-/5A/2,KASHMIRI GATE(ISBT),KASH GATE,KASHMIRI              GATE(ISBT)                 Rest 18:50-19:30,KASH GATE,15:50:00,18:50:00,03:00:00,51.4,REVENUE,D1,Rajghat
1,TMS-,TMS-/5,TMS-/5A,3,TMS-/5A/3,KASHMIRI GATE(ISBT),KASH GATE,RajGhat (RingRoad),RAJGHAT,19:30:00,22:30:00,03:00:00,46.3,REVENUE,D2,Rajghat
1,TMS-,TMS-/5,TMS-/5A,4,TMS-/5A/4,RajGhat (RingRoad),RAJGHAT,DEPOT-R-TMS (+)SPL,DEPOT,22:35:00,22:40:00,00:05:00,1.4,NON-REVENUE,SHUTTLE,Rajghat
1,TMS-,TMS-/6,TMS-/6A,1,TMS-/6A/1,DEPOT-R-TMS (-),DEPOT,KASHMIRI GATE(ISBT),KASH GATE,15:50:00,16:05:00,00:15:00,4.9,NON-REVENUE,SHUTTLE,Rajghat
1,TMS-,TMS-/6,TMS-/6A,2,TMS-/6A/2,KASHMIRI GATE(ISBT),KASH GATE,KASHMIRI              GATE(ISBT)                 Rest 19:10-19:50,KASH GATE,16:10:00,19:10:00,03:00:00,51.4,REVENUE,D1,Rajghat
1,TMS-,TMS-/6,TMS-/6A,3,TMS-/6A/3,KASHMIRI GATE(ISBT),KASH GATE,RajGhat (RingRoad),RAJGHAT,19:50:00,22:50:00,03:00:00,46.3,REVENUE,D2,Rajghat
1,TMS-,TMS-/6,TMS-/6A,4,TMS-/6A/4,RajGhat (RingRoad),RAJGHAT,DEPOT-R-TMS (+)SPL,DEPOT,22:55:00,23:00:00,00:05:00,1.4,NON-REVENUE,SHUTTLE,Rajghat
1,TMS-,TMS-/7,TMS-/7A,1,TMS-/7A/1,DEPOT-R-TMS (-),DEPOT,KASHMIRI GATE(ISBT),KASH GATE,16:10:00,16:25:00,00:15:00,4.9,NON-REVENUE,SHUTTLE,Rajghat
1,TMS-,TMS-/7,TMS-/7A,2,TMS-/7A/2,KASHMIRI GATE(ISBT),KASH GATE,KASHMIRI              GATE(ISBT)                 Rest 19:30-20:10,KASH GATE,16:30:00,19:30:00,03:00:00,51.4,REVENUE,D1,Rajghat
1,TMS-,TMS-/7,TMS-/7A,3,TMS-/7A/3,KASHMIRI GATE(ISBT),KASH GATE,RajGhat (RingRoad),RAJGHAT,20:10:00,23:10:00,03:00:00,46.3,REVENUE,D2,Rajghat
1,TMS-,TMS-/7,TMS-/7A,4,TMS-/7A/4,RajGhat (RingRoad),RAJGHAT,DEPOT-R-TMS (+)SPL,DEPOT,23:15:00,23:20:00,00:05:00,1.4,NON-REVENUE,SHUTTLE,Rajghat
1,TMS-,TMS-/8,TMS-/8A,1,TMS-/8A/1,DEPOT-R-TMS (-),DEPOT,KASHMIRI GATE(ISBT),KASH GATE,16:30:00,16:45:00,00:15:00,4.9,NON-REVENUE,SHUTTLE,Rajghat
1,TMS-,TMS-/8,TMS-/8A,2,TMS-/8A/2,KASHMIRI GATE(ISBT),KASH GATE,KASHMIRI  GATE(ISBT)                 Rest 19:50-20:30,KASH GATE,16:50:00,19:50:00,03:00:00,51.4,REVENUE,D1,Rajghat
1,TMS-,TMS-/8,TMS-/8A,3,TMS-/8A/3,KASHMIRI GATE(ISBT),KASH GATE,KASHMIRI GATE(ISBT),KASH GATE,20:30:00,23:30:00,03:00:00,46.3,REVENUE,D1,Rajghat
1,TMS-,TMS-/8,TMS-/8A,4,TMS-/8A/4,KASHMIRI GATE(ISBT),KASH GATE,DEPOT-R-TMS (+)SPL,DEPOT,23:35:00,23:40:00,00:05:00,1.4,NON-REVENUE,SHUTTLE,Rajghat
1,TMS-,TMS-/9,TMS-/9A,1,TMS-/9A/1,DEPOT-R-TMS (-),DEPOT,KASHMIRI GATE(ISBT),KASH GATE,16:50:00,17:05:00,00:15:00,4.9,NON-REVENUE,SHUTTLE,Rajghat
1,TMS-,TMS-/9,TMS-/9A,2,TMS-/9A/2,KASHMIRI GATE(ISBT),KASH GATE,KASHMIRI GATE(ISBT)     Rest 20:10-20:50,KASH GATE,17:10:00,20:10:00,03:00:00,51.4,REVENUE,D1,Rajghat
1,TMS-,TMS-/9,TMS-/9A,3,TMS-/9A/3,KASHMIRI GATE(ISBT),KASH GATE,KASHMIRI GATE(ISBT),KASH GATE,20:50:00,23:50:00,03:00:00,46.3,REVENUE,D1,Rajghat
1,TMS-,TMS-/9,TMS-/9A,4,TMS-/9A/4,KASHMIRI GATE(ISBT),KASH GATE,DEPOT-R-TMS (+)SPL,DEPOT,23:55:00,00:00:00,00:05:00,1.4,NON-REVENUE,SHUTTLE,Rajghat
